<annotation>
	<folder>adding</folder>
	<filename>0ded00d87497b16a5e5c99c7198b9e5.jpg</filename>
	<path>D:\programming\yolov5\VOCData\image\adding\0ded00d87497b16a5e5c99c7198b9e5.jpg</path>
	<source>
		<database>Unknown</database>
	</source>
	<size>
		<width>2652</width>
		<height>3537</height>
		<depth>3</depth>
	</size>
	<segmented>0</segmented>
	<object>
		<name>粤汉铁路黄沙车站旧址</name>
		<pose>Unspecified</pose>
		<truncated>0</truncated>
		<difficult>0</difficult>
		<bndbox>
			<xmin>726</xmin>
			<ymin>940</ymin>
			<xmax>1918</xmax>
			<ymax>1925</ymax>
		</bndbox>
	</object>
</annotation>
