<annotation>
	<folder>群像</folder>
	<filename>2024-10-23 160043.jpg</filename>
	<path>D:\programming\yolov5\VOCData\image\群像\2024-10-23 160043.jpg</path>
	<source>
		<database>Unknown</database>
	</source>
	<size>
		<width>4032</width>
		<height>3024</height>
		<depth>3</depth>
	</size>
	<segmented>0</segmented>
	<object>
		<name>广州鲁迅纪念馆</name>
		<pose>Unspecified</pose>
		<truncated>0</truncated>
		<difficult>0</difficult>
		<bndbox>
			<xmin>2275</xmin>
			<ymin>1410</ymin>
			<xmax>3381</xmax>
			<ymax>2210</ymax>
		</bndbox>
	</object>
	<object>
		<name>东濠涌水系</name>
		<pose>Unspecified</pose>
		<truncated>0</truncated>
		<difficult>0</difficult>
		<bndbox>
			<xmin>2871</xmin>
			<ymin>736</ymin>
			<xmax>3894</xmax>
			<ymax>1513</ymax>
		</bndbox>
	</object>
</annotation>
