<annotation>
	<folder>群像</folder>
	<filename>2024-10-23 160016.jpg</filename>
	<path>D:\programming\yolov5\VOCData\image\群像\2024-10-23 160016.jpg</path>
	<source>
		<database>Unknown</database>
	</source>
	<size>
		<width>3024</width>
		<height>4032</height>
		<depth>3</depth>
	</size>
	<segmented>0</segmented>
	<object>
		<name>广东财政厅旧址</name>
		<pose>Unspecified</pose>
		<truncated>0</truncated>
		<difficult>0</difficult>
		<bndbox>
			<xmin>963</xmin>
			<ymin>17</ymin>
			<xmax>1669</xmax>
			<ymax>297</ymax>
		</bndbox>
	</object>
	<object>
		<name>广州解放纪念像</name>
		<pose>Unspecified</pose>
		<truncated>0</truncated>
		<difficult>0</difficult>
		<bndbox>
			<xmin>457</xmin>
			<ymin>2931</ymin>
			<xmax>855</xmax>
			<ymax>3951</ymax>
		</bndbox>
	</object>
	<object>
		<name>中国银行旧址</name>
		<pose>Unspecified</pose>
		<truncated>0</truncated>
		<difficult>0</difficult>
		<bndbox>
			<xmin>860</xmin>
			<ymin>3077</ymin>
			<xmax>1606</xmax>
			<ymax>3737</ymax>
		</bndbox>
	</object>
</annotation>
