<annotation>
	<folder>群像</folder>
	<filename>2024-10-23 160856.jpg</filename>
	<path>D:\programming\yolov5\VOCData\image\群像\2024-10-23 160856.jpg</path>
	<source>
		<database>Unknown</database>
	</source>
	<size>
		<width>3024</width>
		<height>4032</height>
		<depth>3</depth>
	</size>
	<segmented>0</segmented>
	<object>
		<name>怀圣寺</name>
		<pose>Unspecified</pose>
		<truncated>0</truncated>
		<difficult>0</difficult>
		<bndbox>
			<xmin>455</xmin>
			<ymin>185</ymin>
			<xmax>1180</xmax>
			<ymax>1111</ymax>
		</bndbox>
	</object>
	<object>
		<name>广州圣心大教堂</name>
		<pose>Unspecified</pose>
		<truncated>0</truncated>
		<difficult>0</difficult>
		<bndbox>
			<xmin>597</xmin>
			<ymin>1722</ymin>
			<xmax>1272</xmax>
			<ymax>2891</ymax>
		</bndbox>
	</object>
	<object>
		<name>广州解放纪念像</name>
		<pose>Unspecified</pose>
		<truncated>0</truncated>
		<difficult>0</difficult>
		<bndbox>
			<xmin>2246</xmin>
			<ymin>2091</ymin>
			<xmax>2712</xmax>
			<ymax>3205</ymax>
		</bndbox>
	</object>
	<object>
		<name>五仙门发电厂旧址</name>
		<pose>Unspecified</pose>
		<truncated>0</truncated>
		<difficult>0</difficult>
		<bndbox>
			<xmin>1052</xmin>
			<ymin>2922</ymin>
			<xmax>2309</xmax>
			<ymax>3505</ymax>
		</bndbox>
	</object>
	<object>
		<name>海珠桥</name>
		<pose>Unspecified</pose>
		<truncated>1</truncated>
		<difficult>0</difficult>
		<bndbox>
			<xmin>2352</xmin>
			<ymin>3194</ymin>
			<xmax>3024</xmax>
			<ymax>4017</ymax>
		</bndbox>
	</object>
</annotation>
