<annotation>
	<folder>群像</folder>
	<filename>2024-10-23 160902.jpg</filename>
	<path>D:\programming\yolov5\VOCData\image\群像\2024-10-23 160902.jpg</path>
	<source>
		<database>Unknown</database>
	</source>
	<size>
		<width>3024</width>
		<height>4032</height>
		<depth>3</depth>
	</size>
	<segmented>0</segmented>
	<object>
		<name>怀圣寺</name>
		<pose>Unspecified</pose>
		<truncated>0</truncated>
		<difficult>0</difficult>
		<bndbox>
			<xmin>1163</xmin>
			<ymin>1862</ymin>
			<xmax>2209</xmax>
			<ymax>2997</ymax>
		</bndbox>
	</object>
	<object>
		<name>光孝寺</name>
		<pose>Unspecified</pose>
		<truncated>0</truncated>
		<difficult>0</difficult>
		<bndbox>
			<xmin>283</xmin>
			<ymin>637</ymin>
			<xmax>1466</xmax>
			<ymax>1445</ymax>
		</bndbox>
	</object>
	<object>
		<name>六榕寺</name>
		<pose>Unspecified</pose>
		<truncated>0</truncated>
		<difficult>0</difficult>
		<bndbox>
			<xmin>1523</xmin>
			<ymin>491</ymin>
			<xmax>2337</xmax>
			<ymax>1482</ymax>
		</bndbox>
	</object>
</annotation>
