<annotation>
	<folder>群像</folder>
	<filename>2024-10-23 161207.jpg</filename>
	<path>D:\programming\yolov5\VOCData\image\群像\2024-10-23 161207.jpg</path>
	<source>
		<database>Unknown</database>
	</source>
	<size>
		<width>4032</width>
		<height>3024</height>
		<depth>3</depth>
	</size>
	<segmented>0</segmented>
	<object>
		<name>光孝寺</name>
		<pose>Unspecified</pose>
		<truncated>0</truncated>
		<difficult>0</difficult>
		<bndbox>
			<xmin>522</xmin>
			<ymin>921</ymin>
			<xmax>2049</xmax>
			<ymax>1953</ymax>
		</bndbox>
	</object>
	<object>
		<name>六榕寺</name>
		<pose>Unspecified</pose>
		<truncated>0</truncated>
		<difficult>0</difficult>
		<bndbox>
			<xmin>2160</xmin>
			<ymin>600</ymin>
			<xmax>3290</xmax>
			<ymax>1896</ymax>
		</bndbox>
	</object>
</annotation>
