<annotation>
	<folder>群像</folder>
	<filename>2024-10-23 162000.jpg</filename>
	<path>D:\programming\yolov5\VOCData\image\群像\2024-10-23 162000.jpg</path>
	<source>
		<database>Unknown</database>
	</source>
	<size>
		<width>3024</width>
		<height>4032</height>
		<depth>3</depth>
	</size>
	<segmented>0</segmented>
	<object>
		<name>广州解放纪念像</name>
		<pose>Unspecified</pose>
		<truncated>0</truncated>
		<difficult>0</difficult>
		<bndbox>
			<xmin>455</xmin>
			<ymin>2177</ymin>
			<xmax>960</xmax>
			<ymax>3351</ymax>
		</bndbox>
	</object>
	<object>
		<name>中国银行旧址</name>
		<pose>Unspecified</pose>
		<truncated>0</truncated>
		<difficult>0</difficult>
		<bndbox>
			<xmin>935</xmin>
			<ymin>2351</ymin>
			<xmax>1763</xmax>
			<ymax>3248</ymax>
		</bndbox>
	</object>
	<object>
		<name>海珠桥</name>
		<pose>Unspecified</pose>
		<truncated>1</truncated>
		<difficult>0</difficult>
		<bndbox>
			<xmin>532</xmin>
			<ymin>3379</ymin>
			<xmax>1180</xmax>
			<ymax>4032</ymax>
		</bndbox>
	</object>
</annotation>
