<annotation>
	<folder>7广州鲁迅纪念馆</folder>
	<filename>2024-10-23 155621.jpg</filename>
	<path>D:\programming\yolov5\VOCData\image\7广州鲁迅纪念馆\2024-10-23 155621.jpg</path>
	<source>
		<database>Unknown</database>
	</source>
	<size>
		<width>3024</width>
		<height>4032</height>
		<depth>3</depth>
	</size>
	<segmented>0</segmented>
	<object>
		<name>广州鲁迅纪念馆</name>
		<pose>Unspecified</pose>
		<truncated>0</truncated>
		<difficult>0</difficult>
		<bndbox>
			<xmin>612</xmin>
			<ymin>1959</ymin>
			<xmax>1855</xmax>
			<ymax>3245</ymax>
		</bndbox>
	</object>
</annotation>
