<annotation>
	<folder>群像</folder>
	<filename>2024-10-23 160852.jpg</filename>
	<path>D:\programming\yolov5\VOCData\image\群像\2024-10-23 160852.jpg</path>
	<source>
		<database>Unknown</database>
	</source>
	<size>
		<width>3024</width>
		<height>4032</height>
		<depth>3</depth>
	</size>
	<segmented>0</segmented>
	<object>
		<name>广州圣心大教堂</name>
		<pose>Unspecified</pose>
		<truncated>0</truncated>
		<difficult>0</difficult>
		<bndbox>
			<xmin>503</xmin>
			<ymin>1437</ymin>
			<xmax>1263</xmax>
			<ymax>2525</ymax>
		</bndbox>
	</object>
	<object>
		<name>五仙门发电厂旧址</name>
		<pose>Unspecified</pose>
		<truncated>0</truncated>
		<difficult>0</difficult>
		<bndbox>
			<xmin>1055</xmin>
			<ymin>2668</ymin>
			<xmax>2420</xmax>
			<ymax>3188</ymax>
		</bndbox>
	</object>
	<object>
		<name>广州解放纪念像</name>
		<pose>Unspecified</pose>
		<truncated>0</truncated>
		<difficult>0</difficult>
		<bndbox>
			<xmin>2266</xmin>
			<ymin>1794</ymin>
			<xmax>2786</xmax>
			<ymax>2845</ymax>
		</bndbox>
	</object>
	<object>
		<name>怀圣寺</name>
		<pose>Unspecified</pose>
		<truncated>1</truncated>
		<difficult>0</difficult>
		<bndbox>
			<xmin>343</xmin>
			<ymin>1</ymin>
			<xmax>1197</xmax>
			<ymax>699</ymax>
		</bndbox>
	</object>
	<object>
		<name>海珠桥</name>
		<pose>Unspecified</pose>
		<truncated>1</truncated>
		<difficult>0</difficult>
		<bndbox>
			<xmin>2457</xmin>
			<ymin>2834</ymin>
			<xmax>3024</xmax>
			<ymax>3574</ymax>
		</bndbox>
	</object>
</annotation>
