<annotation>
	<folder>群像</folder>
	<filename>2024-10-23 162015.jpg</filename>
	<path>D:\programming\yolov5\VOCData\image\群像\2024-10-23 162015.jpg</path>
	<source>
		<database>Unknown</database>
	</source>
	<size>
		<width>3024</width>
		<height>4032</height>
		<depth>3</depth>
	</size>
	<segmented>0</segmented>
	<object>
		<name>广州鲁迅纪念馆</name>
		<pose>Unspecified</pose>
		<truncated>0</truncated>
		<difficult>0</difficult>
		<bndbox>
			<xmin>1160</xmin>
			<ymin>2457</ymin>
			<xmax>1729</xmax>
			<ymax>3079</ymax>
		</bndbox>
	</object>
	<object>
		<name>东濠涌水系</name>
		<pose>Unspecified</pose>
		<truncated>0</truncated>
		<difficult>0</difficult>
		<bndbox>
			<xmin>1477</xmin>
			<ymin>1982</ymin>
			<xmax>1977</xmax>
			<ymax>2542</ymax>
		</bndbox>
	</object>
</annotation>
