<annotation>
	<folder>群像</folder>
	<filename>2024-10-23 161209.jpg</filename>
	<path>D:\programming\yolov5\VOCData\image\群像\2024-10-23 161209.jpg</path>
	<source>
		<database>Unknown</database>
	</source>
	<size>
		<width>4032</width>
		<height>3024</height>
		<depth>3</depth>
	</size>
	<segmented>0</segmented>
	<object>
		<name>六榕寺</name>
		<pose>Unspecified</pose>
		<truncated>0</truncated>
		<difficult>0</difficult>
		<bndbox>
			<xmin>2090</xmin>
			<ymin>834</ymin>
			<xmax>3107</xmax>
			<ymax>2010</ymax>
		</bndbox>
	</object>
	<object>
		<name>光孝寺</name>
		<pose>Unspecified</pose>
		<truncated>0</truncated>
		<difficult>0</difficult>
		<bndbox>
			<xmin>700</xmin>
			<ymin>1310</ymin>
			<xmax>1990</xmax>
			<ymax>2157</ymax>
		</bndbox>
	</object>
</annotation>
