<annotation>
	<folder>群像</folder>
	<filename>2024-10-23 160941.jpg</filename>
	<path>D:\programming\yolov5\VOCData\image\群像\2024-10-23 160941.jpg</path>
	<source>
		<database>Unknown</database>
	</source>
	<size>
		<width>3024</width>
		<height>4032</height>
		<depth>3</depth>
	</size>
	<segmented>0</segmented>
	<object>
		<name>东濠涌水系</name>
		<pose>Unspecified</pose>
		<truncated>0</truncated>
		<difficult>0</difficult>
		<bndbox>
			<xmin>1226</xmin>
			<ymin>1562</ymin>
			<xmax>1969</xmax>
			<ymax>2225</ymax>
		</bndbox>
	</object>
	<object>
		<name>广州鲁迅纪念馆</name>
		<pose>Unspecified</pose>
		<truncated>0</truncated>
		<difficult>0</difficult>
		<bndbox>
			<xmin>849</xmin>
			<ymin>2242</ymin>
			<xmax>1586</xmax>
			<ymax>2794</ymax>
		</bndbox>
	</object>
</annotation>
