<annotation>
	<folder>群像</folder>
	<filename>2024-10-23 160908.jpg</filename>
	<path>D:\programming\yolov5\VOCData\image\群像\2024-10-23 160908.jpg</path>
	<source>
		<database>Unknown</database>
	</source>
	<size>
		<width>3024</width>
		<height>4032</height>
		<depth>3</depth>
	</size>
	<segmented>0</segmented>
	<object>
		<name>六榕寺</name>
		<pose>Unspecified</pose>
		<truncated>0</truncated>
		<difficult>0</difficult>
		<bndbox>
			<xmin>1666</xmin>
			<ymin>445</ymin>
			<xmax>2372</xmax>
			<ymax>1388</ymax>
		</bndbox>
	</object>
	<object>
		<name>光孝寺</name>
		<pose>Unspecified</pose>
		<truncated>0</truncated>
		<difficult>0</difficult>
		<bndbox>
			<xmin>835</xmin>
			<ymin>968</ymin>
			<xmax>1657</xmax>
			<ymax>1682</ymax>
		</bndbox>
	</object>
	<object>
		<name>怀圣寺</name>
		<pose>Unspecified</pose>
		<truncated>0</truncated>
		<difficult>0</difficult>
		<bndbox>
			<xmin>1366</xmin>
			<ymin>1754</ymin>
			<xmax>2157</xmax>
			<ymax>2857</ymax>
		</bndbox>
	</object>
</annotation>
