<annotation>
	<folder>adding</folder>
	<filename>2b6c07f45223973fe2f5807881202c1.jpg</filename>
	<path>D:\programming\yolov5\VOCData\image\adding\2b6c07f45223973fe2f5807881202c1.jpg</path>
	<source>
		<database>Unknown</database>
	</source>
	<size>
		<width>3704</width>
		<height>2778</height>
		<depth>3</depth>
	</size>
	<segmented>0</segmented>
	<object>
		<name>粤剧艺术博物馆</name>
		<pose>Unspecified</pose>
		<truncated>1</truncated>
		<difficult>0</difficult>
		<bndbox>
			<xmin>51</xmin>
			<ymin>268</ymin>
			<xmax>3704</xmax>
			<ymax>2039</ymax>
		</bndbox>
	</object>
</annotation>
