<annotation>
	<folder>adding</folder>
	<filename>2cf9bb6023fa229fd34bc5d852a7a14.jpg</filename>
	<path>D:\programming\yolov5\VOCData\image\adding\2cf9bb6023fa229fd34bc5d852a7a14.jpg</path>
	<source>
		<database>Unknown</database>
	</source>
	<size>
		<width>3776</width>
		<height>5035</height>
		<depth>3</depth>
	</size>
	<segmented>0</segmented>
	<object>
		<name>信义会馆</name>
		<pose>Unspecified</pose>
		<truncated>0</truncated>
		<difficult>0</difficult>
		<bndbox>
			<xmin>326</xmin>
			<ymin>1269</ymin>
			<xmax>3398</xmax>
			<ymax>2597</ymax>
		</bndbox>
	</object>
</annotation>
