<annotation>
	<folder>adding</folder>
	<filename>3428dd7fdf8e45144ddae97c5b77274.jpg</filename>
	<path>D:\programming\yolov5\VOCData\image\adding\3428dd7fdf8e45144ddae97c5b77274.jpg</path>
	<source>
		<database>Unknown</database>
	</source>
	<size>
		<width>2805</width>
		<height>3740</height>
		<depth>3</depth>
	</size>
	<segmented>0</segmented>
	<object>
		<name>广州白天鹅宾馆</name>
		<pose>Unspecified</pose>
		<truncated>0</truncated>
		<difficult>0</difficult>
		<bndbox>
			<xmin>604</xmin>
			<ymin>68</ymin>
			<xmax>2578</xmax>
			<ymax>2389</ymax>
		</bndbox>
	</object>
</annotation>
