<annotation>
	<folder>adding</folder>
	<filename>444711907839067c97b660d7d6a1e17.jpg</filename>
	<path>D:\programming\yolov5\VOCData\image\adding\444711907839067c97b660d7d6a1e17.jpg</path>
	<source>
		<database>Unknown</database>
	</source>
	<size>
		<width>2776</width>
		<height>3702</height>
		<depth>3</depth>
	</size>
	<segmented>0</segmented>
	<object>
		<name>波楼</name>
		<pose>Unspecified</pose>
		<truncated>0</truncated>
		<difficult>0</difficult>
		<bndbox>
			<xmin>77</xmin>
			<ymin>1073</ymin>
			<xmax>2664</xmax>
			<ymax>2178</ymax>
		</bndbox>
	</object>
</annotation>
