<annotation>
	<folder>adding</folder>
	<filename>5e54d9e26e8cfe859492c396ec0d80a.jpg</filename>
	<path>D:\programming\yolov5\VOCData\image\adding\5e54d9e26e8cfe859492c396ec0d80a.jpg</path>
	<source>
		<database>Unknown</database>
	</source>
	<size>
		<width>1978</width>
		<height>2638</height>
		<depth>3</depth>
	</size>
	<segmented>0</segmented>
	<object>
		<name>粤汉铁路黄沙车站旧址</name>
		<pose>Unspecified</pose>
		<truncated>0</truncated>
		<difficult>0</difficult>
		<bndbox>
			<xmin>403</xmin>
			<ymin>681</ymin>
			<xmax>1487</xmax>
			<ymax>1757</ymax>
		</bndbox>
	</object>
</annotation>
