<annotation>
	<folder>adding</folder>
	<filename>6bbcc600455ca985add327a134e2822.jpg</filename>
	<path>D:\programming\yolov5\VOCData\image\adding\6bbcc600455ca985add327a134e2822.jpg</path>
	<source>
		<database>Unknown</database>
	</source>
	<size>
		<width>2830</width>
		<height>3774</height>
		<depth>3</depth>
	</size>
	<segmented>0</segmented>
	<object>
		<name>波楼</name>
		<pose>Unspecified</pose>
		<truncated>0</truncated>
		<difficult>0</difficult>
		<bndbox>
			<xmin>199</xmin>
			<ymin>1553</ymin>
			<xmax>2688</xmax>
			<ymax>2264</ymax>
		</bndbox>
	</object>
</annotation>
