<annotation>
	<folder>adding2</folder>
	<filename>72d2c44609ce671daaa5da5c60f3fdb.jpg</filename>
	<path>D:\programming\yolov5\VOCData\image\adding2\72d2c44609ce671daaa5da5c60f3fdb.jpg</path>
	<source>
		<database>Unknown</database>
	</source>
	<size>
		<width>2390</width>
		<height>3187</height>
		<depth>3</depth>
	</size>
	<segmented>0</segmented>
	<object>
		<name>广州沙面建筑群</name>
		<pose>Unspecified</pose>
		<truncated>0</truncated>
		<difficult>0</difficult>
		<bndbox>
			<xmin>277</xmin>
			<ymin>697</ymin>
			<xmax>2238</xmax>
			<ymax>2085</ymax>
		</bndbox>
	</object>
</annotation>
