<annotation>
	<folder>adding2</folder>
	<filename>7d1f51e91e640053860bd7e0d3f9517.jpg</filename>
	<path>D:\programming\yolov5\VOCData\image\adding2\7d1f51e91e640053860bd7e0d3f9517.jpg</path>
	<source>
		<database>Unknown</database>
	</source>
	<size>
		<width>3292</width>
		<height>4390</height>
		<depth>3</depth>
	</size>
	<segmented>0</segmented>
	<object>
		<name>协同和机器厂</name>
		<pose>Unspecified</pose>
		<truncated>0</truncated>
		<difficult>0</difficult>
		<bndbox>
			<xmin>136</xmin>
			<ymin>1289</ymin>
			<xmax>2924</xmax>
			<ymax>3177</ymax>
		</bndbox>
	</object>
</annotation>
