<annotation>
	<folder>adding</folder>
	<filename>8863b363bc9e48f9fa551ef5c83d43d.jpg</filename>
	<path>D:\programming\yolov5\VOCData\image\adding\8863b363bc9e48f9fa551ef5c83d43d.jpg</path>
	<source>
		<database>Unknown</database>
	</source>
	<size>
		<width>2654</width>
		<height>3539</height>
		<depth>3</depth>
	</size>
	<segmented>0</segmented>
	<object>
		<name>信义会馆</name>
		<pose>Unspecified</pose>
		<truncated>0</truncated>
		<difficult>0</difficult>
		<bndbox>
			<xmin>612</xmin>
			<ymin>1223</ymin>
			<xmax>2117</xmax>
			<ymax>2703</ymax>
		</bndbox>
	</object>
</annotation>
