<annotation>
	<folder>adding2</folder>
	<filename>8ba6e7d4542770098cb888d6c50a630.jpg</filename>
	<path>D:\programming\yolov5\VOCData\image\adding2\8ba6e7d4542770098cb888d6c50a630.jpg</path>
	<source>
		<database>Unknown</database>
	</source>
	<size>
		<width>2723</width>
		<height>3631</height>
		<depth>3</depth>
	</size>
	<segmented>0</segmented>
	<object>
		<name>协同和机器厂</name>
		<pose>Unspecified</pose>
		<truncated>0</truncated>
		<difficult>0</difficult>
		<bndbox>
			<xmin>66</xmin>
			<ymin>991</ymin>
			<xmax>2492</xmax>
			<ymax>2586</ymax>
		</bndbox>
	</object>
</annotation>
