<annotation>
	<folder>adding2</folder>
	<filename>94e613ee0221756ebb4a296c0533556.jpg</filename>
	<path>D:\programming\yolov5\VOCData\image\adding2\94e613ee0221756ebb4a296c0533556.jpg</path>
	<source>
		<database>Unknown</database>
	</source>
	<size>
		<width>2144</width>
		<height>2858</height>
		<depth>3</depth>
	</size>
	<segmented>0</segmented>
	<object>
		<name>陈家祠</name>
		<pose>Unspecified</pose>
		<truncated>0</truncated>
		<difficult>0</difficult>
		<bndbox>
			<xmin>620</xmin>
			<ymin>1106</ymin>
			<xmax>1666</xmax>
			<ymax>1610</ymax>
		</bndbox>
	</object>
</annotation>
