<annotation>
	<folder>adding2</folder>
	<filename>9ddf02dba6c4831e6be4cd50772e1c7.jpg</filename>
	<path>D:\programming\yolov5\VOCData\image\adding2\9ddf02dba6c4831e6be4cd50772e1c7.jpg</path>
	<source>
		<database>Unknown</database>
	</source>
	<size>
		<width>2630</width>
		<height>3506</height>
		<depth>3</depth>
	</size>
	<segmented>0</segmented>
	<object>
		<name>广州沙面建筑群</name>
		<pose>Unspecified</pose>
		<truncated>0</truncated>
		<difficult>0</difficult>
		<bndbox>
			<xmin>32</xmin>
			<ymin>1381</ymin>
			<xmax>2440</xmax>
			<ymax>3019</ymax>
		</bndbox>
	</object>
</annotation>
