<annotation>
	<folder>adding</folder>
	<filename>9f612e464d9d85bceee230029042728.jpg</filename>
	<path>D:\programming\yolov5\VOCData\image\adding\9f612e464d9d85bceee230029042728.jpg</path>
	<source>
		<database>Unknown</database>
	</source>
	<size>
		<width>2803</width>
		<height>3737</height>
		<depth>3</depth>
	</size>
	<segmented>0</segmented>
	<object>
		<name>云津阁文塔</name>
		<pose>Unspecified</pose>
		<truncated>0</truncated>
		<difficult>0</difficult>
		<bndbox>
			<xmin>166</xmin>
			<ymin>1161</ymin>
			<xmax>2474</xmax>
			<ymax>2995</ymax>
		</bndbox>
	</object>
</annotation>
