<annotation>
	<folder>adding</folder>
	<filename>a5e9e5a7c06d26f07a412e7acf8d7b5.jpg</filename>
	<path>D:\programming\yolov5\VOCData\image\adding\a5e9e5a7c06d26f07a412e7acf8d7b5.jpg</path>
	<source>
		<database>Unknown</database>
	</source>
	<size>
		<width>1611</width>
		<height>2148</height>
		<depth>3</depth>
	</size>
	<segmented>0</segmented>
	<object>
		<name>信义会馆</name>
		<pose>Unspecified</pose>
		<truncated>0</truncated>
		<difficult>0</difficult>
		<bndbox>
			<xmin>174</xmin>
			<ymin>708</ymin>
			<xmax>1504</xmax>
			<ymax>1526</ymax>
		</bndbox>
	</object>
</annotation>
