<annotation>
	<folder>adding2</folder>
	<filename>ad161af9a3ff3d70999309d91688034.jpg</filename>
	<path>D:\programming\yolov5\VOCData\image\adding2\ad161af9a3ff3d70999309d91688034.jpg</path>
	<source>
		<database>Unknown</database>
	</source>
	<size>
		<width>2296</width>
		<height>3062</height>
		<depth>3</depth>
	</size>
	<segmented>0</segmented>
	<object>
		<name>广州沙面建筑群</name>
		<pose>Unspecified</pose>
		<truncated>0</truncated>
		<difficult>0</difficult>
		<bndbox>
			<xmin>274</xmin>
			<ymin>271</ymin>
			<xmax>2155</xmax>
			<ymax>2573</ymax>
		</bndbox>
	</object>
</annotation>
