<annotation>
	<folder>adding2</folder>
	<filename>b0146d6196fdb2ca8fb90123d9a9e5e.jpg</filename>
	<path>D:\programming\yolov5\VOCData\image\adding2\b0146d6196fdb2ca8fb90123d9a9e5e.jpg</path>
	<source>
		<database>Unknown</database>
	</source>
	<size>
		<width>2102</width>
		<height>2802</height>
		<depth>3</depth>
	</size>
	<segmented>0</segmented>
	<object>
		<name>陈家祠</name>
		<pose>Unspecified</pose>
		<truncated>0</truncated>
		<difficult>0</difficult>
		<bndbox>
			<xmin>348</xmin>
			<ymin>884</ymin>
			<xmax>1974</xmax>
			<ymax>1694</ymax>
		</bndbox>
	</object>
</annotation>
