<annotation>
	<folder>adding</folder>
	<filename>b06868fc63d5e7a483d79b33b393222.jpg</filename>
	<path>D:\programming\yolov5\VOCData\image\adding\b06868fc63d5e7a483d79b33b393222.jpg</path>
	<source>
		<database>Unknown</database>
	</source>
	<size>
		<width>1579</width>
		<height>2105</height>
		<depth>3</depth>
	</size>
	<segmented>0</segmented>
	<object>
		<name>信义会馆</name>
		<pose>Unspecified</pose>
		<truncated>0</truncated>
		<difficult>0</difficult>
		<bndbox>
			<xmin>19</xmin>
			<ymin>436</ymin>
			<xmax>1482</xmax>
			<ymax>1449</ymax>
		</bndbox>
	</object>
</annotation>
