<annotation>
	<folder>23广九铁路纪念园</folder>
	<filename>b117205009769fe473320b125d62873.jpg</filename>
	<path>D:\programming\yolov5\VOCData\image\23广九铁路纪念园\b117205009769fe473320b125d62873.jpg</path>
	<source>
		<database>Unknown</database>
	</source>
	<size>
		<width>3024</width>
		<height>4032</height>
		<depth>3</depth>
	</size>
	<segmented>0</segmented>
	<object>
		<name>广九铁路纪念园</name>
		<pose>Unspecified</pose>
		<truncated>0</truncated>
		<difficult>0</difficult>
		<bndbox>
			<xmin>360</xmin>
			<ymin>1362</ymin>
			<xmax>2812</xmax>
			<ymax>2525</ymax>
		</bndbox>
	</object>
</annotation>
