<annotation>
	<folder>adding</folder>
	<filename>ba9d28cd1990f1f8251ebc50496c6c9.jpg</filename>
	<path>D:\programming\yolov5\VOCData\image\adding\ba9d28cd1990f1f8251ebc50496c6c9.jpg</path>
	<source>
		<database>Unknown</database>
	</source>
	<size>
		<width>2830</width>
		<height>3774</height>
		<depth>3</depth>
	</size>
	<segmented>0</segmented>
	<object>
		<name>粤汉铁路黄沙车站旧址</name>
		<pose>Unspecified</pose>
		<truncated>0</truncated>
		<difficult>0</difficult>
		<bndbox>
			<xmin>377</xmin>
			<ymin>907</ymin>
			<xmax>1923</xmax>
			<ymax>2674</ymax>
		</bndbox>
	</object>
</annotation>
