<annotation>
	<folder>adding2</folder>
	<filename>bc1dc50a79a2a1f303dc072d08a5985.jpg</filename>
	<path>D:\programming\yolov5\VOCData\image\adding2\bc1dc50a79a2a1f303dc072d08a5985.jpg</path>
	<source>
		<database>Unknown</database>
	</source>
	<size>
		<width>2176</width>
		<height>2901</height>
		<depth>3</depth>
	</size>
	<segmented>0</segmented>
	<object>
		<name>陈家祠</name>
		<pose>Unspecified</pose>
		<truncated>0</truncated>
		<difficult>0</difficult>
		<bndbox>
			<xmin>369</xmin>
			<ymin>1010</ymin>
			<xmax>2047</xmax>
			<ymax>1823</ymax>
		</bndbox>
	</object>
</annotation>
