<annotation>
	<folder>adding</folder>
	<filename>bc76ee758affdcf5343ac5c90344fa8.jpg</filename>
	<path>D:\programming\yolov5\VOCData\image\adding\bc76ee758affdcf5343ac5c90344fa8.jpg</path>
	<source>
		<database>Unknown</database>
	</source>
	<size>
		<width>2830</width>
		<height>3773</height>
		<depth>3</depth>
	</size>
	<segmented>0</segmented>
	<object>
		<name>广州白天鹅宾馆</name>
		<pose>Unspecified</pose>
		<truncated>0</truncated>
		<difficult>0</difficult>
		<bndbox>
			<xmin>388</xmin>
			<ymin>236</ymin>
			<xmax>2537</xmax>
			<ymax>2282</ymax>
		</bndbox>
	</object>
</annotation>
