<annotation>
	<folder>adding2</folder>
	<filename>c769964c5e100fd0d273111c3dc2eb0.jpg</filename>
	<path>D:\programming\yolov5\VOCData\image\adding2\c769964c5e100fd0d273111c3dc2eb0.jpg</path>
	<source>
		<database>Unknown</database>
	</source>
	<size>
		<width>2355</width>
		<height>3140</height>
		<depth>3</depth>
	</size>
	<segmented>0</segmented>
	<object>
		<name>广州沙面建筑群</name>
		<pose>Unspecified</pose>
		<truncated>0</truncated>
		<difficult>0</difficult>
		<bndbox>
			<xmin>301</xmin>
			<ymin>55</ymin>
			<xmax>2177</xmax>
			<ymax>1955</ymax>
		</bndbox>
	</object>
</annotation>
