<annotation>
	<folder>adding2</folder>
	<filename>d25f3cb9dd143ca07b0c0953df2ac9f.jpg</filename>
	<path>D:\programming\yolov5\VOCData\image\adding2\d25f3cb9dd143ca07b0c0953df2ac9f.jpg</path>
	<source>
		<database>Unknown</database>
	</source>
	<size>
		<width>2778</width>
		<height>3704</height>
		<depth>3</depth>
	</size>
	<segmented>0</segmented>
	<object>
		<name>协同和机器厂</name>
		<pose>Unspecified</pose>
		<truncated>0</truncated>
		<difficult>0</difficult>
		<bndbox>
			<xmin>260</xmin>
			<ymin>1055</ymin>
			<xmax>2012</xmax>
			<ymax>2324</ymax>
		</bndbox>
	</object>
</annotation>
