<annotation>
	<folder>adding</folder>
	<filename>d2b6d40d9174a5e72d640480ef528b8.jpg</filename>
	<path>D:\programming\yolov5\VOCData\image\adding\d2b6d40d9174a5e72d640480ef528b8.jpg</path>
	<source>
		<database>Unknown</database>
	</source>
	<size>
		<width>2666</width>
		<height>3555</height>
		<depth>3</depth>
	</size>
	<segmented>0</segmented>
	<object>
		<name>波楼</name>
		<pose>Unspecified</pose>
		<truncated>0</truncated>
		<difficult>0</difficult>
		<bndbox>
			<xmin>220</xmin>
			<ymin>1319</ymin>
			<xmax>2378</xmax>
			<ymax>2141</ymax>
		</bndbox>
	</object>
</annotation>
