<annotation>
	<folder>adding2</folder>
	<filename>d4baad6c8ff6f6caa9675910b0302b0.jpg</filename>
	<path>D:\programming\yolov5\VOCData\image\adding2\d4baad6c8ff6f6caa9675910b0302b0.jpg</path>
	<source>
		<database>Unknown</database>
	</source>
	<size>
		<width>3790</width>
		<height>5054</height>
		<depth>3</depth>
	</size>
	<segmented>0</segmented>
	<object>
		<name>协同和机器厂</name>
		<pose>Unspecified</pose>
		<truncated>0</truncated>
		<difficult>0</difficult>
		<bndbox>
			<xmin>980</xmin>
			<ymin>1672</ymin>
			<xmax>3658</xmax>
			<ymax>4125</ymax>
		</bndbox>
	</object>
</annotation>
