<annotation>
	<folder>23广九铁路纪念园</folder>
	<filename>db1f96aa920ad5f95948cdfc50680b4.jpg</filename>
	<path>D:\programming\yolov5\VOCData\image\23广九铁路纪念园\db1f96aa920ad5f95948cdfc50680b4.jpg</path>
	<source>
		<database>Unknown</database>
	</source>
	<size>
		<width>3024</width>
		<height>4032</height>
		<depth>3</depth>
	</size>
	<segmented>0</segmented>
	<object>
		<name>广九铁路纪念园</name>
		<pose>Unspecified</pose>
		<truncated>0</truncated>
		<difficult>0</difficult>
		<bndbox>
			<xmin>515</xmin>
			<ymin>1242</ymin>
			<xmax>2663</xmax>
			<ymax>2357</ymax>
		</bndbox>
	</object>
</annotation>
