<annotation>
	<folder>adding</folder>
	<filename>dceeba2bd74b431b77ef7966878c442.jpg</filename>
	<path>D:\programming\yolov5\VOCData\image\adding\dceeba2bd74b431b77ef7966878c442.jpg</path>
	<source>
		<database>Unknown</database>
	</source>
	<size>
		<width>3398</width>
		<height>2548</height>
		<depth>3</depth>
	</size>
	<segmented>0</segmented>
	<object>
		<name>粤剧艺术博物馆</name>
		<pose>Unspecified</pose>
		<truncated>1</truncated>
		<difficult>0</difficult>
		<bndbox>
			<xmin>123</xmin>
			<ymin>805</ymin>
			<xmax>3398</xmax>
			<ymax>2535</ymax>
		</bndbox>
	</object>
</annotation>
