<annotation>
	<folder>adding2</folder>
	<filename>e262579878c52795a94b38a69e8fbd8.jpg</filename>
	<path>D:\programming\yolov5\VOCData\image\adding2\e262579878c52795a94b38a69e8fbd8.jpg</path>
	<source>
		<database>Unknown</database>
	</source>
	<size>
		<width>2663</width>
		<height>3550</height>
		<depth>3</depth>
	</size>
	<segmented>0</segmented>
	<object>
		<name>陈家祠</name>
		<pose>Unspecified</pose>
		<truncated>0</truncated>
		<difficult>0</difficult>
		<bndbox>
			<xmin>564</xmin>
			<ymin>921</ymin>
			<xmax>2597</xmax>
			<ymax>1928</ymax>
		</bndbox>
	</object>
</annotation>
