<annotation>
	<folder>adding</folder>
	<filename>e5cff445ab5630c12d137f83059c4b3.jpg</filename>
	<path>D:\programming\yolov5\VOCData\image\adding\e5cff445ab5630c12d137f83059c4b3.jpg</path>
	<source>
		<database>Unknown</database>
	</source>
	<size>
		<width>1883</width>
		<height>2511</height>
		<depth>3</depth>
	</size>
	<segmented>0</segmented>
	<object>
		<name>波楼</name>
		<pose>Unspecified</pose>
		<truncated>1</truncated>
		<difficult>0</difficult>
		<bndbox>
			<xmin>45</xmin>
			<ymin>191</ymin>
			<xmax>1883</xmax>
			<ymax>2240</ymax>
		</bndbox>
	</object>
</annotation>
