<annotation>
	<folder>adding</folder>
	<filename>e7dcb04e55e20dc231332cc9e18a5da.jpg</filename>
	<path>D:\programming\yolov5\VOCData\image\adding\e7dcb04e55e20dc231332cc9e18a5da.jpg</path>
	<source>
		<database>Unknown</database>
	</source>
	<size>
		<width>2642</width>
		<height>3523</height>
		<depth>3</depth>
	</size>
	<segmented>0</segmented>
	<object>
		<name>云津阁文塔</name>
		<pose>Unspecified</pose>
		<truncated>1</truncated>
		<difficult>0</difficult>
		<bndbox>
			<xmin>31</xmin>
			<ymin>298</ymin>
			<xmax>2642</xmax>
			<ymax>2940</ymax>
		</bndbox>
	</object>
</annotation>
