<annotation>
	<folder>adding</folder>
	<filename>ecde97cd81ca42be36ce7a49cfb31aa.jpg</filename>
	<path>D:\programming\yolov5\VOCData\image\adding\ecde97cd81ca42be36ce7a49cfb31aa.jpg</path>
	<source>
		<database>Unknown</database>
	</source>
	<size>
		<width>2648</width>
		<height>3531</height>
		<depth>3</depth>
	</size>
	<segmented>0</segmented>
	<object>
		<name>广州白天鹅宾馆</name>
		<pose>Unspecified</pose>
		<truncated>0</truncated>
		<difficult>0</difficult>
		<bndbox>
			<xmin>506</xmin>
			<ymin>252</ymin>
			<xmax>2271</xmax>
			<ymax>2539</ymax>
		</bndbox>
	</object>
</annotation>
