<annotation>
	<folder>adding2</folder>
	<filename>fa545fa3d13727bfd5f8c78c601e2a1.jpg</filename>
	<path>D:\programming\yolov5\VOCData\image\adding2\fa545fa3d13727bfd5f8c78c601e2a1.jpg</path>
	<source>
		<database>Unknown</database>
	</source>
	<size>
		<width>2097</width>
		<height>2796</height>
		<depth>3</depth>
	</size>
	<segmented>0</segmented>
	<object>
		<name>陈家祠</name>
		<pose>Unspecified</pose>
		<truncated>0</truncated>
		<difficult>0</difficult>
		<bndbox>
			<xmin>258</xmin>
			<ymin>948</ymin>
			<xmax>1895</xmax>
			<ymax>2189</ymax>
		</bndbox>
	</object>
</annotation>
