<annotation>
	<folder>adding2</folder>
	<filename>fa8732f141f3c5f20a818e408b52bfb.jpg</filename>
	<path>D:\programming\yolov5\VOCData\image\adding2\fa8732f141f3c5f20a818e408b52bfb.jpg</path>
	<source>
		<database>Unknown</database>
	</source>
	<size>
		<width>3024</width>
		<height>4032</height>
		<depth>3</depth>
	</size>
	<segmented>0</segmented>
	<object>
		<name>陈家祠</name>
		<pose>Unspecified</pose>
		<truncated>1</truncated>
		<difficult>0</difficult>
		<bndbox>
			<xmin>823</xmin>
			<ymin>1085</ymin>
			<xmax>3024</xmax>
			<ymax>2511</ymax>
		</bndbox>
	</object>
</annotation>
