<annotation>
	<folder>10信义会馆</folder>
	<filename>IMG_4080.jpeg</filename>
	<path>D:\programming\yolov5\VOCData\image\10信义会馆\IMG_4080.jpeg</path>
	<source>
		<database>Unknown</database>
	</source>
	<size>
		<width>4284</width>
		<height>5712</height>
		<depth>3</depth>
	</size>
	<segmented>0</segmented>
	<object>
		<name>信义会馆</name>
		<pose>Unspecified</pose>
		<truncated>0</truncated>
		<difficult>0</difficult>
		<bndbox>
			<xmin>850</xmin>
			<ymin>1494</ymin>
			<xmax>3046</xmax>
			<ymax>2730</ymax>
		</bndbox>
	</object>
</annotation>
