<annotation>
	<folder>8第一次全国劳动大会旧址</folder>
	<filename>IMG_8417.jpg</filename>
	<path>D:\programming\yolov5\VOCData\image\8第一次全国劳动大会旧址\IMG_8417.jpg</path>
	<source>
		<database>Unknown</database>
	</source>
	<size>
		<width>3024</width>
		<height>4032</height>
		<depth>3</depth>
	</size>
	<segmented>0</segmented>
	<object>
		<name>第一次全国劳动大会旧址</name>
		<pose>Unspecified</pose>
		<truncated>0</truncated>
		<difficult>0</difficult>
		<bndbox>
			<xmin>1323</xmin>
			<ymin>1897</ymin>
			<xmax>2069</xmax>
			<ymax>3065</ymax>
		</bndbox>
	</object>
</annotation>
