<annotation>
	<folder>10广州沙面建筑群</folder>
	<filename>IMG_4293.jpeg</filename>
	<path>D:\programming\yolov5\VOCData\image\10广州沙面建筑群\IMG_4293.jpeg</path>
	<source>
		<database>Unknown</database>
	</source>
	<size>
		<width>3024</width>
		<height>4032</height>
		<depth>3</depth>
	</size>
	<segmented>0</segmented>
	<object>
		<name>广州沙面建筑群</name>
		<pose>Unspecified</pose>
		<truncated>0</truncated>
		<difficult>0</difficult>
		<bndbox>
			<xmin>520</xmin>
			<ymin>548</ymin>
			<xmax>2429</xmax>
			<ymax>2231</ymax>
		</bndbox>
	</object>
</annotation>
