<annotation>
	<folder>10华林寺</folder>
	<filename>IMG_4274.jpeg</filename>
	<path>D:\programming\yolov5\VOCData\image\10华林寺\IMG_4274.jpeg</path>
	<source>
		<database>Unknown</database>
	</source>
	<size>
		<width>5712</width>
		<height>4284</height>
		<depth>3</depth>
	</size>
	<segmented>0</segmented>
	<object>
		<name>华林寺</name>
		<pose>Unspecified</pose>
		<truncated>0</truncated>
		<difficult>0</difficult>
		<bndbox>
			<xmin>1247</xmin>
			<ymin>1697</ymin>
			<xmax>5504</xmax>
			<ymax>3970</ymax>
		</bndbox>
	</object>
</annotation>
