<annotation>
	<folder>13粤汉铁路黄沙车站旧址</folder>
	<filename>IMG_4072.jpeg</filename>
	<path>D:\programming\yolov5\VOCData\image\13粤汉铁路黄沙车站旧址\IMG_4072.jpeg</path>
	<source>
		<database>Unknown</database>
	</source>
	<size>
		<width>3024</width>
		<height>4032</height>
		<depth>3</depth>
	</size>
	<segmented>0</segmented>
	<object>
		<name>粤汉铁路黄沙车站旧址</name>
		<pose>Unspecified</pose>
		<truncated>0</truncated>
		<difficult>0</difficult>
		<bndbox>
			<xmin>517</xmin>
			<ymin>825</ymin>
			<xmax>2175</xmax>
			<ymax>2379</ymax>
		</bndbox>
	</object>
</annotation>
