<annotation>
	<folder>10恩宁路骑楼</folder>
	<filename>IMG_4090.jpeg</filename>
	<path>D:\programming\yolov5\VOCData\image\10恩宁路骑楼\IMG_4090.jpeg</path>
	<source>
		<database>Unknown</database>
	</source>
	<size>
		<width>3024</width>
		<height>4032</height>
		<depth>3</depth>
	</size>
	<segmented>0</segmented>
	<object>
		<name>恩宁路骑楼</name>
		<pose>Unspecified</pose>
		<truncated>0</truncated>
		<difficult>0</difficult>
		<bndbox>
			<xmin>452</xmin>
			<ymin>1214</ymin>
			<xmax>2552</xmax>
			<ymax>2622</ymax>
		</bndbox>
	</object>
</annotation>
