<annotation>
	<folder>12大同酒家</folder>
	<filename>IMG_8450.jpg</filename>
	<path>D:\programming\yolov5\VOCData\image\12大同酒家\IMG_8450.jpg</path>
	<source>
		<database>Unknown</database>
	</source>
	<size>
		<width>3024</width>
		<height>4032</height>
		<depth>3</depth>
	</size>
	<segmented>0</segmented>
	<object>
		<name>大同酒家</name>
		<pose>Unspecified</pose>
		<truncated>0</truncated>
		<difficult>0</difficult>
		<bndbox>
			<xmin>663</xmin>
			<ymin>1122</ymin>
			<xmax>1663</xmax>
			<ymax>2908</ymax>
		</bndbox>
	</object>
</annotation>
