<annotation>
	<folder>10粤剧艺术博物馆</folder>
	<filename>IMG_4249.jpeg</filename>
	<path>D:\programming\yolov5\VOCData\image\10粤剧艺术博物馆\IMG_4249.jpeg</path>
	<source>
		<database>Unknown</database>
	</source>
	<size>
		<width>4032</width>
		<height>3024</height>
		<depth>3</depth>
	</size>
	<segmented>0</segmented>
	<object>
		<name>粤剧艺术博物馆</name>
		<pose>Unspecified</pose>
		<truncated>0</truncated>
		<difficult>0</difficult>
		<bndbox>
			<xmin>107</xmin>
			<ymin>1366</ymin>
			<xmax>3379</xmax>
			<ymax>3019</ymax>
		</bndbox>
	</object>
</annotation>
