<annotation>
	<folder>10信义会馆</folder>
	<filename>IMG_4216.jpeg</filename>
	<path>D:\programming\yolov5\VOCData\image\10信义会馆\IMG_4216.jpeg</path>
	<source>
		<database>Unknown</database>
	</source>
	<size>
		<width>3024</width>
		<height>4032</height>
		<depth>3</depth>
	</size>
	<segmented>0</segmented>
	<object>
		<name>信义会馆</name>
		<pose>Unspecified</pose>
		<truncated>0</truncated>
		<difficult>0</difficult>
		<bndbox>
			<xmin>689</xmin>
			<ymin>1588</ymin>
			<xmax>2126</xmax>
			<ymax>2548</ymax>
		</bndbox>
	</object>
</annotation>
