<annotation>
	<folder>10华林寺</folder>
	<filename>IMG_4113.jpeg</filename>
	<path>D:\programming\yolov5\VOCData\image\10华林寺\IMG_4113.jpeg</path>
	<source>
		<database>Unknown</database>
	</source>
	<size>
		<width>5712</width>
		<height>4284</height>
		<depth>3</depth>
	</size>
	<segmented>0</segmented>
	<object>
		<name>华林寺</name>
		<pose>Unspecified</pose>
		<truncated>0</truncated>
		<difficult>0</difficult>
		<bndbox>
			<xmin>262</xmin>
			<ymin>1212</ymin>
			<xmax>5453</xmax>
			<ymax>3676</ymax>
		</bndbox>
	</object>
</annotation>
