<annotation>
	<folder>adding</folder>
	<filename>12c50c405e6ad92cf708dcff4d8f24f.jpg</filename>
	<path>D:\programming\yolov5\VOCData\image\adding\12c50c405e6ad92cf708dcff4d8f24f.jpg</path>
	<source>
		<database>Unknown</database>
	</source>
	<size>
		<width>2372</width>
		<height>3163</height>
		<depth>3</depth>
	</size>
	<segmented>0</segmented>
	<object>
		<name>粤汉铁路黄沙车站旧址</name>
		<pose>Unspecified</pose>
		<truncated>0</truncated>
		<difficult>0</difficult>
		<bndbox>
			<xmin>348</xmin>
			<ymin>473</ymin>
			<xmax>1608</xmax>
			<ymax>2067</ymax>
		</bndbox>
	</object>
</annotation>
