<annotation>
	<folder>adding</folder>
	<filename>1534563d109ba16e2f15e62ab8f2d03.jpg</filename>
	<path>D:\programming\yolov5\VOCData\image\adding\1534563d109ba16e2f15e62ab8f2d03.jpg</path>
	<source>
		<database>Unknown</database>
	</source>
	<size>
		<width>3024</width>
		<height>4032</height>
		<depth>3</depth>
	</size>
	<segmented>0</segmented>
	<object>
		<name>广州白天鹅宾馆</name>
		<pose>Unspecified</pose>
		<truncated>0</truncated>
		<difficult>0</difficult>
		<bndbox>
			<xmin>257</xmin>
			<ymin>531</ymin>
			<xmax>2472</xmax>
			<ymax>2848</ymax>
		</bndbox>
	</object>
</annotation>
