<annotation>
	<folder>adding</folder>
	<filename>15f15f48d384d5b54ea229bc851a28f.jpg</filename>
	<path>D:\programming\yolov5\VOCData\image\adding\15f15f48d384d5b54ea229bc851a28f.jpg</path>
	<source>
		<database>Unknown</database>
	</source>
	<size>
		<width>2646</width>
		<height>3528</height>
		<depth>3</depth>
	</size>
	<segmented>0</segmented>
	<object>
		<name>粤汉铁路黄沙车站旧址</name>
		<pose>Unspecified</pose>
		<truncated>0</truncated>
		<difficult>0</difficult>
		<bndbox>
			<xmin>445</xmin>
			<ymin>1057</ymin>
			<xmax>1590</xmax>
			<ymax>2165</ymax>
		</bndbox>
	</object>
</annotation>
