<annotation>
	<folder>adding2</folder>
	<filename>1661f6d81db1cca3069d65401fa6cfc.jpg</filename>
	<path>D:\programming\yolov5\VOCData\image\adding2\1661f6d81db1cca3069d65401fa6cfc.jpg</path>
	<source>
		<database>Unknown</database>
	</source>
	<size>
		<width>2372</width>
		<height>3163</height>
		<depth>3</depth>
	</size>
	<segmented>0</segmented>
	<object>
		<name>陈家祠</name>
		<pose>Unspecified</pose>
		<truncated>0</truncated>
		<difficult>0</difficult>
		<bndbox>
			<xmin>68</xmin>
			<ymin>967</ymin>
			<xmax>2137</xmax>
			<ymax>2113</ymax>
		</bndbox>
	</object>
</annotation>
