<annotation>
	<folder>adding2</folder>
	<filename>19d00a27ae2caccc4a9f104307636e7.jpg</filename>
	<path>D:\programming\yolov5\VOCData\image\adding2\19d00a27ae2caccc4a9f104307636e7.jpg</path>
	<source>
		<database>Unknown</database>
	</source>
	<size>
		<width>2165</width>
		<height>2887</height>
		<depth>3</depth>
	</size>
	<segmented>0</segmented>
	<object>
		<name>广州沙面建筑群</name>
		<pose>Unspecified</pose>
		<truncated>1</truncated>
		<difficult>0</difficult>
		<bndbox>
			<xmin>395</xmin>
			<ymin>346</ymin>
			<xmax>2165</xmax>
			<ymax>2054</ymax>
		</bndbox>
	</object>
</annotation>
