<annotation>
	<folder>adding</folder>
	<filename>1a9e90e0d672ea670adc287ca908d3a.jpg</filename>
	<path>D:\programming\yolov5\VOCData\image\adding\1a9e90e0d672ea670adc287ca908d3a.jpg</path>
	<source>
		<database>Unknown</database>
	</source>
	<size>
		<width>2420</width>
		<height>3226</height>
		<depth>3</depth>
	</size>
	<segmented>0</segmented>
	<object>
		<name>粤汉铁路黄沙车站旧址</name>
		<pose>Unspecified</pose>
		<truncated>0</truncated>
		<difficult>0</difficult>
		<bndbox>
			<xmin>337</xmin>
			<ymin>559</ymin>
			<xmax>1635</xmax>
			<ymax>1598</ymax>
		</bndbox>
	</object>
</annotation>
