<annotation>
	<folder>adding2</folder>
	<filename>1ca2fd5abaca0fe551dcda54d6055cf.jpg</filename>
	<path>D:\programming\yolov5\VOCData\image\adding2\1ca2fd5abaca0fe551dcda54d6055cf.jpg</path>
	<source>
		<database>Unknown</database>
	</source>
	<size>
		<width>1250</width>
		<height>1666</height>
		<depth>3</depth>
	</size>
	<segmented>0</segmented>
	<object>
		<name>广州沙面建筑群</name>
		<pose>Unspecified</pose>
		<truncated>0</truncated>
		<difficult>0</difficult>
		<bndbox>
			<xmin>225</xmin>
			<ymin>375</ymin>
			<xmax>1152</xmax>
			<ymax>1105</ymax>
		</bndbox>
	</object>
</annotation>
