<annotation>
	<folder>adding</folder>
	<filename>1fd0138017e368719b0f484eb0ad5db.jpg</filename>
	<path>D:\programming\yolov5\VOCData\image\adding\1fd0138017e368719b0f484eb0ad5db.jpg</path>
	<source>
		<database>Unknown</database>
	</source>
	<size>
		<width>2830</width>
		<height>3773</height>
		<depth>3</depth>
	</size>
	<segmented>0</segmented>
	<object>
		<name>粤汉铁路黄沙车站旧址</name>
		<pose>Unspecified</pose>
		<truncated>0</truncated>
		<difficult>0</difficult>
		<bndbox>
			<xmin>737</xmin>
			<ymin>1001</ymin>
			<xmax>2058</xmax>
			<ymax>1991</ymax>
		</bndbox>
	</object>
</annotation>
