<annotation>
	<folder>群像</folder>
	<filename>2024-10-23 160040.jpg</filename>
	<path>D:\programming\yolov5\VOCData\image\群像\2024-10-23 160040.jpg</path>
	<source>
		<database>Unknown</database>
	</source>
	<size>
		<width>4032</width>
		<height>3024</height>
		<depth>3</depth>
	</size>
	<segmented>0</segmented>
	<object>
		<name>广州解放纪念像</name>
		<pose>Unspecified</pose>
		<truncated>0</truncated>
		<difficult>0</difficult>
		<bndbox>
			<xmin>379</xmin>
			<ymin>774</ymin>
			<xmax>1068</xmax>
			<ymax>2385</ymax>
		</bndbox>
	</object>
	<object>
		<name>中国银行旧址</name>
		<pose>Unspecified</pose>
		<truncated>0</truncated>
		<difficult>0</difficult>
		<bndbox>
			<xmin>1083</xmin>
			<ymin>1040</ymin>
			<xmax>2237</xmax>
			<ymax>2021</ymax>
		</bndbox>
	</object>
</annotation>
