<annotation>
	<folder>11广州解放纪念像</folder>
	<filename>2024-10-23 155930.jpg</filename>
	<path>D:\programming\yolov5\VOCData\image\11广州解放纪念像\2024-10-23 155930.jpg</path>
	<source>
		<database>Unknown</database>
	</source>
	<size>
		<width>3024</width>
		<height>4032</height>
		<depth>3</depth>
	</size>
	<segmented>0</segmented>
	<object>
		<name>广州解放纪念像</name>
		<pose>Unspecified</pose>
		<truncated>0</truncated>
		<difficult>0</difficult>
		<bndbox>
			<xmin>1146</xmin>
			<ymin>1099</ymin>
			<xmax>1832</xmax>
			<ymax>2942</ymax>
		</bndbox>
	</object>
</annotation>
