<annotation>
	<folder>6东濠涌水系</folder>
	<filename>2024-10-23 172743 6.jpg</filename>
	<path>D:\programming\yolov5\VOCData\image\6东濠涌水系\2024-10-23 172743 6.jpg</path>
	<source>
		<database>Unknown</database>
	</source>
	<size>
		<width>3024</width>
		<height>4032</height>
		<depth>3</depth>
	</size>
	<segmented>0</segmented>
	<object>
		<name>东濠涌水系</name>
		<pose>Unspecified</pose>
		<truncated>0</truncated>
		<difficult>0</difficult>
		<bndbox>
			<xmin>600</xmin>
			<ymin>1219</ymin>
			<xmax>2409</xmax>
			<ymax>2337</ymax>
		</bndbox>
	</object>
</annotation>
