<annotation>
	<folder>群像</folder>
	<filename>2024-10-23 161143.jpg</filename>
	<path>D:\programming\yolov5\VOCData\image\群像\2024-10-23 161143.jpg</path>
	<source>
		<database>Unknown</database>
	</source>
	<size>
		<width>4032</width>
		<height>3024</height>
		<depth>3</depth>
	</size>
	<segmented>0</segmented>
	<object>
		<name>东濠涌水系</name>
		<pose>Unspecified</pose>
		<truncated>0</truncated>
		<difficult>0</difficult>
		<bndbox>
			<xmin>2990</xmin>
			<ymin>819</ymin>
			<xmax>3890</xmax>
			<ymax>1468</ymax>
		</bndbox>
	</object>
	<object>
		<name>广州鲁迅纪念馆</name>
		<pose>Unspecified</pose>
		<truncated>0</truncated>
		<difficult>0</difficult>
		<bndbox>
			<xmin>2511</xmin>
			<ymin>1436</ymin>
			<xmax>3379</xmax>
			<ymax>1998</ymax>
		</bndbox>
	</object>
	<object>
		<name>广东财政厅旧址</name>
		<pose>Unspecified</pose>
		<truncated>0</truncated>
		<difficult>0</difficult>
		<bndbox>
			<xmin>1141</xmin>
			<ymin>176</ymin>
			<xmax>1726</xmax>
			<ymax>710</ymax>
		</bndbox>
	</object>
	<object>
		<name>广州市政府合署旧址</name>
		<pose>Unspecified</pose>
		<truncated>0</truncated>
		<difficult>0</difficult>
		<bndbox>
			<xmin>417</xmin>
			<ymin>321</ymin>
			<xmax>1092</xmax>
			<ymax>715</ymax>
		</bndbox>
	</object>
</annotation>
