<annotation>
	<folder>群像</folder>
	<filename>2024-10-23 160952.jpg</filename>
	<path>D:\programming\yolov5\VOCData\image\群像\2024-10-23 160952.jpg</path>
	<source>
		<database>Unknown</database>
	</source>
	<size>
		<width>3024</width>
		<height>4032</height>
		<depth>3</depth>
	</size>
	<segmented>0</segmented>
	<object>
		<name>广东财政厅旧址</name>
		<pose>Unspecified</pose>
		<truncated>0</truncated>
		<difficult>0</difficult>
		<bndbox>
			<xmin>1083</xmin>
			<ymin>505</ymin>
			<xmax>1926</xmax>
			<ymax>1151</ymax>
		</bndbox>
	</object>
	<object>
		<name>广州市政府合署旧址</name>
		<pose>Unspecified</pose>
		<truncated>0</truncated>
		<difficult>0</difficult>
		<bndbox>
			<xmin>66</xmin>
			<ymin>559</ymin>
			<xmax>1069</xmax>
			<ymax>1114</ymax>
		</bndbox>
	</object>
</annotation>
