<annotation>
	<folder>10广州圣心大教堂</folder>
	<filename>2024-10-23 173236 1.jpg</filename>
	<path>D:\programming\yolov5\VOCData\image\10广州圣心大教堂\2024-10-23 173236 1.jpg</path>
	<source>
		<database>Unknown</database>
	</source>
	<size>
		<width>3024</width>
		<height>4032</height>
		<depth>3</depth>
	</size>
	<segmented>0</segmented>
	<object>
		<name>广州圣心大教堂</name>
		<pose>Unspecified</pose>
		<truncated>0</truncated>
		<difficult>0</difficult>
		<bndbox>
			<xmin>669</xmin>
			<ymin>1291</ymin>
			<xmax>1937</xmax>
			<ymax>3017</ymax>
		</bndbox>
	</object>
</annotation>
