<annotation>
	<folder>群像</folder>
	<filename>2024-10-23 161141.jpg</filename>
	<path>D:\programming\yolov5\VOCData\image\群像\2024-10-23 161141.jpg</path>
	<source>
		<database>Unknown</database>
	</source>
	<size>
		<width>4032</width>
		<height>3024</height>
		<depth>3</depth>
	</size>
	<segmented>0</segmented>
	<object>
		<name>广州鲁迅纪念馆</name>
		<pose>Unspecified</pose>
		<truncated>0</truncated>
		<difficult>0</difficult>
		<bndbox>
			<xmin>2560</xmin>
			<ymin>64</ymin>
			<xmax>3385</xmax>
			<ymax>617</ymax>
		</bndbox>
	</object>
	<object>
		<name>中国银行旧址</name>
		<pose>Unspecified</pose>
		<truncated>0</truncated>
		<difficult>0</difficult>
		<bndbox>
			<xmin>858</xmin>
			<ymin>2034</ymin>
			<xmax>1432</xmax>
			<ymax>2647</ymax>
		</bndbox>
	</object>
	<object>
		<name>广州解放纪念像</name>
		<pose>Unspecified</pose>
		<truncated>0</truncated>
		<difficult>0</difficult>
		<bndbox>
			<xmin>568</xmin>
			<ymin>1859</ymin>
			<xmax>866</xmax>
			<ymax>2827</ymax>
		</bndbox>
	</object>
</annotation>
