<annotation>
	<folder>群像</folder>
	<filename>2024-10-23 160954.jpg</filename>
	<path>D:\programming\yolov5\VOCData\image\群像\2024-10-23 160954.jpg</path>
	<source>
		<database>Unknown</database>
	</source>
	<size>
		<width>3024</width>
		<height>4032</height>
		<depth>3</depth>
	</size>
	<segmented>0</segmented>
	<object>
		<name>广州市政府合署旧址</name>
		<pose>Unspecified</pose>
		<truncated>0</truncated>
		<difficult>0</difficult>
		<bndbox>
			<xmin>352</xmin>
			<ymin>1579</ymin>
			<xmax>1629</xmax>
			<ymax>2371</ymax>
		</bndbox>
	</object>
	<object>
		<name>广东财政厅旧址</name>
		<pose>Unspecified</pose>
		<truncated>0</truncated>
		<difficult>0</difficult>
		<bndbox>
			<xmin>1737</xmin>
			<ymin>1574</ymin>
			<xmax>2775</xmax>
			<ymax>2419</ymax>
		</bndbox>
	</object>
</annotation>
