<annotation>
	<folder>群像</folder>
	<filename>2024-10-23 160905.jpg</filename>
	<path>D:\programming\yolov5\VOCData\image\群像\2024-10-23 160905.jpg</path>
	<source>
		<database>Unknown</database>
	</source>
	<size>
		<width>3024</width>
		<height>4032</height>
		<depth>3</depth>
	</size>
	<segmented>0</segmented>
	<object>
		<name>六榕寺</name>
		<pose>Unspecified</pose>
		<truncated>0</truncated>
		<difficult>0</difficult>
		<bndbox>
			<xmin>1432</xmin>
			<ymin>365</ymin>
			<xmax>2320</xmax>
			<ymax>1317</ymax>
		</bndbox>
	</object>
	<object>
		<name>光孝寺</name>
		<pose>Unspecified</pose>
		<truncated>0</truncated>
		<difficult>0</difficult>
		<bndbox>
			<xmin>209</xmin>
			<ymin>688</ymin>
			<xmax>1417</xmax>
			<ymax>1442</ymax>
		</bndbox>
	</object>
	<object>
		<name>怀圣寺</name>
		<pose>Unspecified</pose>
		<truncated>0</truncated>
		<difficult>0</difficult>
		<bndbox>
			<xmin>1000</xmin>
			<ymin>1685</ymin>
			<xmax>2017</xmax>
			<ymax>2879</ymax>
		</bndbox>
	</object>
</annotation>
