<annotation>
	<folder>6五仙门发电厂旧址</folder>
	<filename>2024-10-23 173532 1.jpg</filename>
	<path>D:\programming\yolov5\VOCData\image\6五仙门发电厂旧址\2024-10-23 173532 1.jpg</path>
	<source>
		<database>Unknown</database>
	</source>
	<size>
		<width>3024</width>
		<height>4032</height>
		<depth>3</depth>
	</size>
	<segmented>0</segmented>
	<object>
		<name>五仙门发电厂旧址</name>
		<pose>Unspecified</pose>
		<truncated>0</truncated>
		<difficult>0</difficult>
		<bndbox>
			<xmin>680</xmin>
			<ymin>1368</ymin>
			<xmax>2269</xmax>
			<ymax>2277</ymax>
		</bndbox>
	</object>
</annotation>
