<annotation>
	<folder>群像</folder>
	<filename>2024-10-23 160945.jpg</filename>
	<path>D:\programming\yolov5\VOCData\image\群像\2024-10-23 160945.jpg</path>
	<source>
		<database>Unknown</database>
	</source>
	<size>
		<width>3024</width>
		<height>4032</height>
		<depth>3</depth>
	</size>
	<segmented>0</segmented>
	<object>
		<name>广州鲁迅纪念馆</name>
		<pose>Unspecified</pose>
		<truncated>0</truncated>
		<difficult>0</difficult>
		<bndbox>
			<xmin>1123</xmin>
			<ymin>2448</ymin>
			<xmax>1715</xmax>
			<ymax>2968</ymax>
		</bndbox>
	</object>
	<object>
		<name>东濠涌水系</name>
		<pose>Unspecified</pose>
		<truncated>0</truncated>
		<difficult>0</difficult>
		<bndbox>
			<xmin>1446</xmin>
			<ymin>1817</ymin>
			<xmax>2060</xmax>
			<ymax>2359</ymax>
		</bndbox>
	</object>
</annotation>
