<annotation>
	<folder>群像</folder>
	<filename>2024-10-23 160835.jpg</filename>
	<path>D:\programming\yolov5\VOCData\image\群像\2024-10-23 160835.jpg</path>
	<source>
		<database>Unknown</database>
	</source>
	<size>
		<width>3024</width>
		<height>4032</height>
		<depth>3</depth>
	</size>
	<segmented>0</segmented>
	<object>
		<name>广州解放纪念像</name>
		<pose>Unspecified</pose>
		<truncated>0</truncated>
		<difficult>0</difficult>
		<bndbox>
			<xmin>592</xmin>
			<ymin>2805</ymin>
			<xmax>995</xmax>
			<ymax>3862</ymax>
		</bndbox>
	</object>
	<object>
		<name>中国银行旧址</name>
		<pose>Unspecified</pose>
		<truncated>0</truncated>
		<difficult>0</difficult>
		<bndbox>
			<xmin>1020</xmin>
			<ymin>2957</ymin>
			<xmax>1760</xmax>
			<ymax>3657</ymax>
		</bndbox>
	</object>
</annotation>
