<annotation>
	<folder>群像</folder>
	<filename>2024-10-23 161202.jpg</filename>
	<path>D:\programming\yolov5\VOCData\image\群像\2024-10-23 161202.jpg</path>
	<source>
		<database>Unknown</database>
	</source>
	<size>
		<width>4032</width>
		<height>3024</height>
		<depth>3</depth>
	</size>
	<segmented>0</segmented>
	<object>
		<name>怀圣寺</name>
		<pose>Unspecified</pose>
		<truncated>0</truncated>
		<difficult>0</difficult>
		<bndbox>
			<xmin>975</xmin>
			<ymin>1253</ymin>
			<xmax>1907</xmax>
			<ymax>2221</ymax>
		</bndbox>
	</object>
	<object>
		<name>六榕寺</name>
		<pose>Unspecified</pose>
		<truncated>0</truncated>
		<difficult>0</difficult>
		<bndbox>
			<xmin>1379</xmin>
			<ymin>98</ymin>
			<xmax>2026</xmax>
			<ymax>923</ymax>
		</bndbox>
	</object>
	<object>
		<name>光孝寺</name>
		<pose>Unspecified</pose>
		<truncated>0</truncated>
		<difficult>0</difficult>
		<bndbox>
			<xmin>192</xmin>
			<ymin>191</ymin>
			<xmax>1281</xmax>
			<ymax>904</ymax>
		</bndbox>
	</object>
	<object>
		<name>广东财政厅旧址</name>
		<pose>Unspecified</pose>
		<truncated>0</truncated>
		<difficult>0</difficult>
		<bndbox>
			<xmin>3190</xmin>
			<ymin>30</ymin>
			<xmax>3888</xmax>
			<ymax>587</ymax>
		</bndbox>
	</object>
	<object>
		<name>广州市政府合署旧址</name>
		<pose>Unspecified</pose>
		<truncated>0</truncated>
		<difficult>0</difficult>
		<bndbox>
			<xmin>2332</xmin>
			<ymin>4</ymin>
			<xmax>3164</xmax>
			<ymax>489</ymax>
		</bndbox>
	</object>
</annotation>
