<annotation>
	<folder>7海珠桥</folder>
	<filename>2024-10-23 173336 4.jpg</filename>
	<path>D:\programming\yolov5\VOCData\image\7海珠桥\2024-10-23 173336 4.jpg</path>
	<source>
		<database>Unknown</database>
	</source>
	<size>
		<width>3024</width>
		<height>4032</height>
		<depth>3</depth>
	</size>
	<segmented>0</segmented>
	<object>
		<name>海珠桥</name>
		<pose>Unspecified</pose>
		<truncated>0</truncated>
		<difficult>0</difficult>
		<bndbox>
			<xmin>986</xmin>
			<ymin>1131</ymin>
			<xmax>1866</xmax>
			<ymax>2531</ymax>
		</bndbox>
	</object>
</annotation>
