<annotation>
	<folder>23广九铁路纪念园</folder>
	<filename>2024-10-23 165245 7.jpg</filename>
	<path>D:\programming\yolov5\VOCData\image\23广九铁路纪念园\2024-10-23 165245 7.jpg</path>
	<source>
		<database>Unknown</database>
	</source>
	<size>
		<width>3024</width>
		<height>4032</height>
		<depth>3</depth>
	</size>
	<segmented>0</segmented>
	<object>
		<name>广九铁路纪念园</name>
		<pose>Unspecified</pose>
		<truncated>0</truncated>
		<difficult>0</difficult>
		<bndbox>
			<xmin>480</xmin>
			<ymin>1431</ymin>
			<xmax>2986</xmax>
			<ymax>2882</ymax>
		</bndbox>
	</object>
</annotation>
