<annotation>
	<folder>9潘氏大院</folder>
	<filename>2024-10-23 1726 1.jpg</filename>
	<path>D:\programming\yolov5\VOCData\image\9潘氏大院\2024-10-23 1726 1.jpg</path>
	<source>
		<database>Unknown</database>
	</source>
	<size>
		<width>3024</width>
		<height>4032</height>
		<depth>3</depth>
	</size>
	<segmented>0</segmented>
	<object>
		<name>潘氏大院</name>
		<pose>Unspecified</pose>
		<truncated>0</truncated>
		<difficult>0</difficult>
		<bndbox>
			<xmin>435</xmin>
			<ymin>1228</ymin>
			<xmax>2612</xmax>
			<ymax>3359</ymax>
		</bndbox>
	</object>
</annotation>
