<annotation>
	<folder>群像</folder>
	<filename>2024-10-23 162011.jpg</filename>
	<path>D:\programming\yolov5\VOCData\image\群像\2024-10-23 162011.jpg</path>
	<source>
		<database>Unknown</database>
	</source>
	<size>
		<width>3024</width>
		<height>4032</height>
		<depth>3</depth>
	</size>
	<segmented>0</segmented>
	<object>
		<name>东濠涌水系</name>
		<pose>Unspecified</pose>
		<truncated>0</truncated>
		<difficult>0</difficult>
		<bndbox>
			<xmin>1637</xmin>
			<ymin>2019</ymin>
			<xmax>2306</xmax>
			<ymax>2579</ymax>
		</bndbox>
	</object>
	<object>
		<name>广州鲁迅纪念馆</name>
		<pose>Unspecified</pose>
		<truncated>0</truncated>
		<difficult>0</difficult>
		<bndbox>
			<xmin>1272</xmin>
			<ymin>2511</ymin>
			<xmax>2009</xmax>
			<ymax>3062</ymax>
		</bndbox>
	</object>
</annotation>
