<annotation>
	<folder>9广州市政府合署旧址</folder>
	<filename>2024-10-23 163053 3.jpg</filename>
	<path>D:\programming\yolov5\VOCData\image\9广州市政府合署旧址\2024-10-23 163053 3.jpg</path>
	<source>
		<database>Unknown</database>
	</source>
	<size>
		<width>3024</width>
		<height>4032</height>
		<depth>3</depth>
	</size>
	<segmented>0</segmented>
	<object>
		<name>广州市政府合署旧址</name>
		<pose>Unspecified</pose>
		<truncated>0</truncated>
		<difficult>0</difficult>
		<bndbox>
			<xmin>880</xmin>
			<ymin>1377</ymin>
			<xmax>2580</xmax>
			<ymax>2905</ymax>
		</bndbox>
	</object>
</annotation>
