<annotation>
	<folder>7光孝寺</folder>
	<filename>2024-10-23 163253 4.jpg</filename>
	<path>D:\programming\yolov5\VOCData\image\7光孝寺\2024-10-23 163253 4.jpg</path>
	<source>
		<database>Unknown</database>
	</source>
	<size>
		<width>3024</width>
		<height>4032</height>
		<depth>3</depth>
	</size>
	<segmented>0</segmented>
	<object>
		<name>光孝寺</name>
		<pose>Unspecified</pose>
		<truncated>0</truncated>
		<difficult>0</difficult>
		<bndbox>
			<xmin>697</xmin>
			<ymin>902</ymin>
			<xmax>1986</xmax>
			<ymax>2902</ymax>
		</bndbox>
	</object>
</annotation>
