<annotation>
	<folder>17广州大元帅府旧址</folder>
	<filename>2024-10-23 165717 2.jpg</filename>
	<path>D:\programming\yolov5\VOCData\image\17广州大元帅府旧址\2024-10-23 165717 2.jpg</path>
	<source>
		<database>Unknown</database>
	</source>
	<size>
		<width>3024</width>
		<height>4032</height>
		<depth>3</depth>
	</size>
	<segmented>0</segmented>
	<object>
		<name>广州大元帅府旧址</name>
		<pose>Unspecified</pose>
		<truncated>0</truncated>
		<difficult>0</difficult>
		<bndbox>
			<xmin>863</xmin>
			<ymin>1602</ymin>
			<xmax>2026</xmax>
			<ymax>2145</ymax>
		</bndbox>
	</object>
</annotation>
