<annotation>
	<folder>群像</folder>
	<filename>2024-10-23 161136.jpg</filename>
	<path>D:\programming\yolov5\VOCData\image\群像\2024-10-23 161136.jpg</path>
	<source>
		<database>Unknown</database>
	</source>
	<size>
		<width>4032</width>
		<height>3024</height>
		<depth>3</depth>
	</size>
	<segmented>0</segmented>
	<object>
		<name>广州解放纪念像</name>
		<pose>Unspecified</pose>
		<truncated>0</truncated>
		<difficult>0</difficult>
		<bndbox>
			<xmin>1583</xmin>
			<ymin>1664</ymin>
			<xmax>1826</xmax>
			<ymax>2357</ymax>
		</bndbox>
	</object>
	<object>
		<name>五仙门发电厂旧址</name>
		<pose>Unspecified</pose>
		<truncated>0</truncated>
		<difficult>0</difficult>
		<bndbox>
			<xmin>675</xmin>
			<ymin>2281</ymin>
			<xmax>1605</xmax>
			<ymax>2587</ymax>
		</bndbox>
	</object>
	<object>
		<name>中国银行旧址</name>
		<pose>Unspecified</pose>
		<truncated>0</truncated>
		<difficult>0</difficult>
		<bndbox>
			<xmin>1860</xmin>
			<ymin>1764</ymin>
			<xmax>2413</xmax>
			<ymax>2247</ymax>
		</bndbox>
	</object>
	<object>
		<name>东濠涌水系</name>
		<pose>Unspecified</pose>
		<truncated>1</truncated>
		<difficult>0</difficult>
		<bndbox>
			<xmin>3573</xmin>
			<ymin>30</ymin>
			<xmax>4032</xmax>
			<ymax>408</ymax>
		</bndbox>
	</object>
	<object>
		<name>广州鲁迅纪念馆</name>
		<pose>Unspecified</pose>
		<truncated>0</truncated>
		<difficult>0</difficult>
		<bndbox>
			<xmin>3266</xmin>
			<ymin>400</ymin>
			<xmax>3894</xmax>
			<ymax>774</ymax>
		</bndbox>
	</object>
	<object>
		<name>怀圣寺</name>
		<pose>Unspecified</pose>
		<truncated>0</truncated>
		<difficult>0</difficult>
		<bndbox>
			<xmin>190</xmin>
			<ymin>366</ymin>
			<xmax>809</xmax>
			<ymax>955</ymax>
		</bndbox>
	</object>
	<object>
		<name>广州圣心大教堂</name>
		<pose>Unspecified</pose>
		<truncated>0</truncated>
		<difficult>0</difficult>
		<bndbox>
			<xmin>268</xmin>
			<ymin>1413</ymin>
			<xmax>807</xmax>
			<ymax>2166</ymax>
		</bndbox>
	</object>
	<object>
		<name>海珠桥</name>
		<pose>Unspecified</pose>
		<truncated>0</truncated>
		<difficult>0</difficult>
		<bndbox>
			<xmin>1628</xmin>
			<ymin>2391</ymin>
			<xmax>2139</xmax>
			<ymax>2921</ymax>
		</bndbox>
	</object>
</annotation>
