<annotation>
	<folder>群像</folder>
	<filename>2024-10-23 160024.jpg</filename>
	<path>D:\programming\yolov5\VOCData\image\群像\2024-10-23 160024.jpg</path>
	<source>
		<database>Unknown</database>
	</source>
	<size>
		<width>3024</width>
		<height>4032</height>
		<depth>3</depth>
	</size>
	<segmented>0</segmented>
	<object>
		<name>广东财政厅旧址</name>
		<pose>Unspecified</pose>
		<truncated>0</truncated>
		<difficult>0</difficult>
		<bndbox>
			<xmin>1600</xmin>
			<ymin>965</ymin>
			<xmax>2492</xmax>
			<ymax>1711</ymax>
		</bndbox>
	</object>
</annotation>
