<annotation>
	<folder>群像</folder>
	<filename>2024-10-23 160845.jpg</filename>
	<path>D:\programming\yolov5\VOCData\image\群像\2024-10-23 160845.jpg</path>
	<source>
		<database>Unknown</database>
	</source>
	<size>
		<width>3024</width>
		<height>4032</height>
		<depth>3</depth>
	</size>
	<segmented>0</segmented>
	<object>
		<name>广州解放纪念像</name>
		<pose>Unspecified</pose>
		<truncated>0</truncated>
		<difficult>0</difficult>
		<bndbox>
			<xmin>740</xmin>
			<ymin>2542</ymin>
			<xmax>1060</xmax>
			<ymax>3485</ymax>
		</bndbox>
	</object>
	<object>
		<name>中国银行旧址</name>
		<pose>Unspecified</pose>
		<truncated>0</truncated>
		<difficult>0</difficult>
		<bndbox>
			<xmin>1052</xmin>
			<ymin>2677</ymin>
			<xmax>1712</xmax>
			<ymax>3288</ymax>
		</bndbox>
	</object>
	<object>
		<name>海珠桥</name>
		<pose>Unspecified</pose>
		<truncated>1</truncated>
		<difficult>0</difficult>
		<bndbox>
			<xmin>746</xmin>
			<ymin>3508</ymin>
			<xmax>1303</xmax>
			<ymax>4032</ymax>
		</bndbox>
	</object>
</annotation>
