<annotation>
	<folder>群像</folder>
	<filename>2024-10-23 160913.jpg</filename>
	<path>D:\programming\yolov5\VOCData\image\群像\2024-10-23 160913.jpg</path>
	<source>
		<database>Unknown</database>
	</source>
	<size>
		<width>3024</width>
		<height>4032</height>
		<depth>3</depth>
	</size>
	<segmented>0</segmented>
	<object>
		<name>六榕寺</name>
		<pose>Unspecified</pose>
		<truncated>0</truncated>
		<difficult>0</difficult>
		<bndbox>
			<xmin>1757</xmin>
			<ymin>11</ymin>
			<xmax>2646</xmax>
			<ymax>1179</ymax>
		</bndbox>
	</object>
	<object>
		<name>光孝寺</name>
		<pose>Unspecified</pose>
		<truncated>0</truncated>
		<difficult>0</difficult>
		<bndbox>
			<xmin>252</xmin>
			<ymin>205</ymin>
			<xmax>1735</xmax>
			<ymax>1277</ymax>
		</bndbox>
	</object>
	<object>
		<name>怀圣寺</name>
		<pose>Unspecified</pose>
		<truncated>0</truncated>
		<difficult>0</difficult>
		<bndbox>
			<xmin>1312</xmin>
			<ymin>1565</ymin>
			<xmax>2452</xmax>
			<ymax>2985</ymax>
		</bndbox>
	</object>
</annotation>
