<annotation>
	<folder>群像</folder>
	<filename>2024-10-23 160033.jpg</filename>
	<path>D:\programming\yolov5\VOCData\image\群像\2024-10-23 160033.jpg</path>
	<source>
		<database>Unknown</database>
	</source>
	<size>
		<width>3024</width>
		<height>4032</height>
		<depth>3</depth>
	</size>
	<segmented>0</segmented>
	<object>
		<name>广州圣心大教堂</name>
		<pose>Unspecified</pose>
		<truncated>0</truncated>
		<difficult>0</difficult>
		<bndbox>
			<xmin>672</xmin>
			<ymin>1025</ymin>
			<xmax>1646</xmax>
			<ymax>2702</ymax>
		</bndbox>
	</object>
	<object>
		<name>五仙门发电厂旧址</name>
		<pose>Unspecified</pose>
		<truncated>0</truncated>
		<difficult>0</difficult>
		<bndbox>
			<xmin>1320</xmin>
			<ymin>2822</ymin>
			<xmax>2683</xmax>
			<ymax>3299</ymax>
		</bndbox>
	</object>
	<object>
		<name>广州解放纪念像</name>
		<pose>Unspecified</pose>
		<truncated>0</truncated>
		<difficult>0</difficult>
		<bndbox>
			<xmin>2589</xmin>
			<ymin>1585</ymin>
			<xmax>2969</xmax>
			<ymax>2825</ymax>
		</bndbox>
	</object>
</annotation>
