<annotation>
	<folder>群像</folder>
	<filename>2024-10-23 160840.jpg</filename>
	<path>D:\programming\yolov5\VOCData\image\群像\2024-10-23 160840.jpg</path>
	<source>
		<database>Unknown</database>
	</source>
	<size>
		<width>3024</width>
		<height>4032</height>
		<depth>3</depth>
	</size>
	<segmented>0</segmented>
	<object>
		<name>广州鲁迅纪念馆</name>
		<pose>Unspecified</pose>
		<truncated>0</truncated>
		<difficult>0</difficult>
		<bndbox>
			<xmin>2446</xmin>
			<ymin>1254</ymin>
			<xmax>2852</xmax>
			<ymax>1665</ymax>
		</bndbox>
	</object>
	<object>
		<name>东濠涌水系</name>
		<pose>Unspecified</pose>
		<truncated>0</truncated>
		<difficult>0</difficult>
		<bndbox>
			<xmin>2663</xmin>
			<ymin>931</ymin>
			<xmax>3012</xmax>
			<ymax>1331</ymax>
		</bndbox>
	</object>
	<object>
		<name>中国银行旧址</name>
		<pose>Unspecified</pose>
		<truncated>0</truncated>
		<difficult>0</difficult>
		<bndbox>
			<xmin>1272</xmin>
			<ymin>2782</ymin>
			<xmax>1817</xmax>
			<ymax>3345</ymax>
		</bndbox>
	</object>
	<object>
		<name>广州解放纪念像</name>
		<pose>Unspecified</pose>
		<truncated>0</truncated>
		<difficult>0</difficult>
		<bndbox>
			<xmin>926</xmin>
			<ymin>2634</ymin>
			<xmax>1297</xmax>
			<ymax>3625</ymax>
		</bndbox>
	</object>
</annotation>
