<annotation>
	<folder>群像</folder>
	<filename>2024-10-23 160916.jpg</filename>
	<path>D:\programming\yolov5\VOCData\image\群像\2024-10-23 160916.jpg</path>
	<source>
		<database>Unknown</database>
	</source>
	<size>
		<width>3024</width>
		<height>4032</height>
		<depth>3</depth>
	</size>
	<segmented>0</segmented>
	<object>
		<name>六榕寺</name>
		<pose>Unspecified</pose>
		<truncated>0</truncated>
		<difficult>0</difficult>
		<bndbox>
			<xmin>1563</xmin>
			<ymin>45</ymin>
			<xmax>2266</xmax>
			<ymax>1185</ymax>
		</bndbox>
	</object>
	<object>
		<name>光孝寺</name>
		<pose>Unspecified</pose>
		<truncated>0</truncated>
		<difficult>0</difficult>
		<bndbox>
			<xmin>332</xmin>
			<ymin>228</ymin>
			<xmax>1537</xmax>
			<ymax>1254</ymax>
		</bndbox>
	</object>
	<object>
		<name>怀圣寺</name>
		<pose>Unspecified</pose>
		<truncated>0</truncated>
		<difficult>0</difficult>
		<bndbox>
			<xmin>1260</xmin>
			<ymin>1591</ymin>
			<xmax>2215</xmax>
			<ymax>2882</ymax>
		</bndbox>
	</object>
</annotation>
