<annotation>
	<folder>10六榕寺</folder>
	<filename>2024-10-23 163740 5.jpg</filename>
	<path>D:\programming\yolov5\VOCData\image\10六榕寺\2024-10-23 163740 5.jpg</path>
	<source>
		<database>Unknown</database>
	</source>
	<size>
		<width>3024</width>
		<height>4032</height>
		<depth>3</depth>
	</size>
	<segmented>0</segmented>
	<object>
		<name>六榕寺</name>
		<pose>Unspecified</pose>
		<truncated>0</truncated>
		<difficult>0</difficult>
		<bndbox>
			<xmin>1206</xmin>
			<ymin>1154</ymin>
			<xmax>2252</xmax>
			<ymax>3194</ymax>
		</bndbox>
	</object>
</annotation>
