<annotation>
	<folder>13中国共产党第三次全国代表大会会址</folder>
	<filename>2024-10-23 164617 8.jpg</filename>
	<path>D:\programming\yolov5\VOCData\image\13中国共产党第三次全国代表大会会址\2024-10-23 164617 8.jpg</path>
	<source>
		<database>Unknown</database>
	</source>
	<size>
		<width>3024</width>
		<height>4032</height>
		<depth>3</depth>
	</size>
	<segmented>0</segmented>
	<object>
		<name>中国共产党第三次全国代表大会会址</name>
		<pose>Unspecified</pose>
		<truncated>0</truncated>
		<difficult>0</difficult>
		<bndbox>
			<xmin>23</xmin>
			<ymin>1717</ymin>
			<xmax>2972</xmax>
			<ymax>3317</ymax>
		</bndbox>
	</object>
</annotation>
