<annotation>
	<folder>8怀圣寺</folder>
	<filename>2024-10-23 16395 7.jpg</filename>
	<path>D:\programming\yolov5\VOCData\image\8怀圣寺\2024-10-23 16395 7.jpg</path>
	<source>
		<database>Unknown</database>
	</source>
	<size>
		<width>3024</width>
		<height>4032</height>
		<depth>3</depth>
	</size>
	<segmented>0</segmented>
	<object>
		<name>怀圣寺</name>
		<pose>Unspecified</pose>
		<truncated>0</truncated>
		<difficult>0</difficult>
		<bndbox>
			<xmin>1043</xmin>
			<ymin>1045</ymin>
			<xmax>2832</xmax>
			<ymax>3434</ymax>
		</bndbox>
	</object>
</annotation>
