<annotation>
	<folder>7广东财政厅旧址</folder>
	<filename>2024-10-23 163155 3.jpg</filename>
	<path>D:\programming\yolov5\VOCData\image\7广东财政厅旧址\2024-10-23 163155 3.jpg</path>
	<source>
		<database>Unknown</database>
	</source>
	<size>
		<width>3024</width>
		<height>4032</height>
		<depth>3</depth>
	</size>
	<segmented>0</segmented>
	<object>
		<name>广东财政厅旧址</name>
		<pose>Unspecified</pose>
		<truncated>0</truncated>
		<difficult>0</difficult>
		<bndbox>
			<xmin>797</xmin>
			<ymin>1065</ymin>
			<xmax>2360</xmax>
			<ymax>2882</ymax>
		</bndbox>
	</object>
</annotation>
