<annotation>
	<folder>群像</folder>
	<filename>2024-10-23 161150.jpg</filename>
	<path>D:\programming\yolov5\VOCData\image\群像\2024-10-23 161150.jpg</path>
	<source>
		<database>Unknown</database>
	</source>
	<size>
		<width>4032</width>
		<height>3024</height>
		<depth>3</depth>
	</size>
	<segmented>0</segmented>
	<object>
		<name>广州鲁迅纪念馆</name>
		<pose>Unspecified</pose>
		<truncated>0</truncated>
		<difficult>0</difficult>
		<bndbox>
			<xmin>3024</xmin>
			<ymin>1308</ymin>
			<xmax>3622</xmax>
			<ymax>1789</ymax>
		</bndbox>
	</object>
	<object>
		<name>东濠涌水系</name>
		<pose>Unspecified</pose>
		<truncated>0</truncated>
		<difficult>0</difficult>
		<bndbox>
			<xmin>3296</xmin>
			<ymin>876</ymin>
			<xmax>3824</xmax>
			<ymax>1370</ymax>
		</bndbox>
	</object>
</annotation>
