<annotation>
	<folder>adding</folder>
	<filename>26ad755c3629f5b0d46a74102c63ed1.jpg</filename>
	<path>D:\programming\yolov5\VOCData\image\adding\26ad755c3629f5b0d46a74102c63ed1.jpg</path>
	<source>
		<database>Unknown</database>
	</source>
	<size>
		<width>1946</width>
		<height>2594</height>
		<depth>3</depth>
	</size>
	<segmented>0</segmented>
	<object>
		<name>波楼</name>
		<pose>Unspecified</pose>
		<truncated>0</truncated>
		<difficult>0</difficult>
		<bndbox>
			<xmin>56</xmin>
			<ymin>1029</ymin>
			<xmax>1932</xmax>
			<ymax>1609</ymax>
		</bndbox>
	</object>
</annotation>
