<annotation>
	<folder>adding</folder>
	<filename>2d1f66bc7c4620aa201bd87a6f13f15.jpg</filename>
	<path>D:\programming\yolov5\VOCData\image\adding\2d1f66bc7c4620aa201bd87a6f13f15.jpg</path>
	<source>
		<database>Unknown</database>
	</source>
	<size>
		<width>2834</width>
		<height>3778</height>
		<depth>3</depth>
	</size>
	<segmented>0</segmented>
	<object>
		<name>信义会馆</name>
		<pose>Unspecified</pose>
		<truncated>0</truncated>
		<difficult>0</difficult>
		<bndbox>
			<xmin>406</xmin>
			<ymin>752</ymin>
			<xmax>2430</xmax>
			<ymax>2495</ymax>
		</bndbox>
	</object>
</annotation>
