<annotation>
	<folder>adding</folder>
	<filename>37300cb882dcdf8c697e5d1f39b4811.jpg</filename>
	<path>D:\programming\yolov5\VOCData\image\adding\37300cb882dcdf8c697e5d1f39b4811.jpg</path>
	<source>
		<database>Unknown</database>
	</source>
	<size>
		<width>4032</width>
		<height>3024</height>
		<depth>3</depth>
	</size>
	<segmented>0</segmented>
	<object>
		<name>粤剧艺术博物馆</name>
		<pose>Unspecified</pose>
		<truncated>1</truncated>
		<difficult>0</difficult>
		<bndbox>
			<xmin>26</xmin>
			<ymin>1604</ymin>
			<xmax>4032</xmax>
			<ymax>3024</ymax>
		</bndbox>
	</object>
</annotation>
