<annotation>
	<folder>adding2</folder>
	<filename>3d143e975860ffcd52543de976c7a6b.jpg</filename>
	<path>D:\programming\yolov5\VOCData\image\adding2\3d143e975860ffcd52543de976c7a6b.jpg</path>
	<source>
		<database>Unknown</database>
	</source>
	<size>
		<width>4028</width>
		<height>5372</height>
		<depth>3</depth>
	</size>
	<segmented>0</segmented>
	<object>
		<name>协同和机器厂</name>
		<pose>Unspecified</pose>
		<truncated>1</truncated>
		<difficult>0</difficult>
		<bndbox>
			<xmin>398</xmin>
			<ymin>876</ymin>
			<xmax>4028</xmax>
			<ymax>4349</ymax>
		</bndbox>
	</object>
</annotation>
