<annotation>
	<folder>adding</folder>
	<filename>48319bbc60194bb227287f36ea5b1d4.jpg</filename>
	<path>D:\programming\yolov5\VOCData\image\adding\48319bbc60194bb227287f36ea5b1d4.jpg</path>
	<source>
		<database>Unknown</database>
	</source>
	<size>
		<width>2854</width>
		<height>3805</height>
		<depth>3</depth>
	</size>
	<segmented>0</segmented>
	<object>
		<name>波楼</name>
		<pose>Unspecified</pose>
		<truncated>1</truncated>
		<difficult>0</difficult>
		<bndbox>
			<xmin>97</xmin>
			<ymin>1209</ymin>
			<xmax>2854</xmax>
			<ymax>2331</ymax>
		</bndbox>
	</object>
</annotation>
