<annotation>
	<folder>adding</folder>
	<filename>4cee128ad3afbf33c21ec36b5dec026.jpg</filename>
	<path>D:\programming\yolov5\VOCData\image\adding\4cee128ad3afbf33c21ec36b5dec026.jpg</path>
	<source>
		<database>Unknown</database>
	</source>
	<size>
		<width>2818</width>
		<height>3758</height>
		<depth>3</depth>
	</size>
	<segmented>0</segmented>
	<object>
		<name>云津阁文塔</name>
		<pose>Unspecified</pose>
		<truncated>0</truncated>
		<difficult>0</difficult>
		<bndbox>
			<xmin>156</xmin>
			<ymin>1443</ymin>
			<xmax>2440</xmax>
			<ymax>3032</ymax>
		</bndbox>
	</object>
</annotation>
