<annotation>
	<folder>adding</folder>
	<filename>4e66a158be80bf934aab8dbb8bf295d.jpg</filename>
	<path>D:\programming\yolov5\VOCData\image\adding\4e66a158be80bf934aab8dbb8bf295d.jpg</path>
	<source>
		<database>Unknown</database>
	</source>
	<size>
		<width>2116</width>
		<height>2822</height>
		<depth>3</depth>
	</size>
	<segmented>0</segmented>
	<object>
		<name>信义会馆</name>
		<pose>Unspecified</pose>
		<truncated>0</truncated>
		<difficult>0</difficult>
		<bndbox>
			<xmin>50</xmin>
			<ymin>934</ymin>
			<xmax>1552</xmax>
			<ymax>1984</ymax>
		</bndbox>
	</object>
</annotation>
