<annotation>
	<folder>adding</folder>
	<filename>4fd870785a1d48e567ef4852ab97c85.jpg</filename>
	<path>D:\programming\yolov5\VOCData\image\adding\4fd870785a1d48e567ef4852ab97c85.jpg</path>
	<source>
		<database>Unknown</database>
	</source>
	<size>
		<width>2834</width>
		<height>3779</height>
		<depth>3</depth>
	</size>
	<segmented>0</segmented>
	<object>
		<name>广州白天鹅宾馆</name>
		<pose>Unspecified</pose>
		<truncated>1</truncated>
		<difficult>0</difficult>
		<bndbox>
			<xmin>128</xmin>
			<ymin>239</ymin>
			<xmax>2834</xmax>
			<ymax>3118</ymax>
		</bndbox>
	</object>
</annotation>
