<annotation>
	<folder>adding</folder>
	<filename>53613b67579d571229124530d3f84a9.jpg</filename>
	<path>D:\programming\yolov5\VOCData\image\adding\53613b67579d571229124530d3f84a9.jpg</path>
	<source>
		<database>Unknown</database>
	</source>
	<size>
		<width>3562</width>
		<height>2672</height>
		<depth>3</depth>
	</size>
	<segmented>0</segmented>
	<object>
		<name>粤剧艺术博物馆</name>
		<pose>Unspecified</pose>
		<truncated>1</truncated>
		<difficult>0</difficult>
		<bndbox>
			<xmin>88</xmin>
			<ymin>1175</ymin>
			<xmax>3284</xmax>
			<ymax>2672</ymax>
		</bndbox>
	</object>
</annotation>
