<annotation>
	<folder>adding</folder>
	<filename>53c5ddea48d40daf735644e36be3f7a.jpg</filename>
	<path>D:\programming\yolov5\VOCData\image\adding\53c5ddea48d40daf735644e36be3f7a.jpg</path>
	<source>
		<database>Unknown</database>
	</source>
	<size>
		<width>2713</width>
		<height>3617</height>
		<depth>3</depth>
	</size>
	<segmented>0</segmented>
	<object>
		<name>云津阁文塔</name>
		<pose>Unspecified</pose>
		<truncated>0</truncated>
		<difficult>0</difficult>
		<bndbox>
			<xmin>133</xmin>
			<ymin>1143</ymin>
			<xmax>2243</xmax>
			<ymax>2671</ymax>
		</bndbox>
	</object>
</annotation>
