<annotation>
	<folder>adding2</folder>
	<filename>55e6d289f2d435bf08e82d6e93a7aa3.jpg</filename>
	<path>D:\programming\yolov5\VOCData\image\adding2\55e6d289f2d435bf08e82d6e93a7aa3.jpg</path>
	<source>
		<database>Unknown</database>
	</source>
	<size>
		<width>2817</width>
		<height>3756</height>
		<depth>3</depth>
	</size>
	<segmented>0</segmented>
	<object>
		<name>陈家祠</name>
		<pose>Unspecified</pose>
		<truncated>0</truncated>
		<difficult>0</difficult>
		<bndbox>
			<xmin>276</xmin>
			<ymin>1242</ymin>
			<xmax>2494</xmax>
			<ymax>2179</ymax>
		</bndbox>
	</object>
</annotation>
