<annotation>
	<folder>adding</folder>
	<filename>581f0d74d13ebb4f21a10b3d7c7fbb0.jpg</filename>
	<path>D:\programming\yolov5\VOCData\image\adding\581f0d74d13ebb4f21a10b3d7c7fbb0.jpg</path>
	<source>
		<database>Unknown</database>
	</source>
	<size>
		<width>2038</width>
		<height>2718</height>
		<depth>3</depth>
	</size>
	<segmented>0</segmented>
	<object>
		<name>波楼</name>
		<pose>Unspecified</pose>
		<truncated>0</truncated>
		<difficult>0</difficult>
		<bndbox>
			<xmin>307</xmin>
			<ymin>1000</ymin>
			<xmax>1842</xmax>
			<ymax>1829</ymax>
		</bndbox>
	</object>
</annotation>
