<annotation>
	<folder>adding</folder>
	<filename>5c3967b28082a2b5d8833c8e46f52da.jpg</filename>
	<path>D:\programming\yolov5\VOCData\image\adding\5c3967b28082a2b5d8833c8e46f52da.jpg</path>
	<source>
		<database>Unknown</database>
	</source>
	<size>
		<width>1832</width>
		<height>2443</height>
		<depth>3</depth>
	</size>
	<segmented>0</segmented>
	<object>
		<name>广州白天鹅宾馆</name>
		<pose>Unspecified</pose>
		<truncated>0</truncated>
		<difficult>0</difficult>
		<bndbox>
			<xmin>286</xmin>
			<ymin>283</ymin>
			<xmax>1786</xmax>
			<ymax>1555</ymax>
		</bndbox>
	</object>
</annotation>
