<annotation>
	<folder>adding</folder>
	<filename>62c3153d296de4881fb0d63f2aaceb7.jpg</filename>
	<path>D:\programming\yolov5\VOCData\image\adding\62c3153d296de4881fb0d63f2aaceb7.jpg</path>
	<source>
		<database>Unknown</database>
	</source>
	<size>
		<width>2581</width>
		<height>3441</height>
		<depth>3</depth>
	</size>
	<segmented>0</segmented>
	<object>
		<name>广州白天鹅宾馆</name>
		<pose>Unspecified</pose>
		<truncated>1</truncated>
		<difficult>0</difficult>
		<bndbox>
			<xmin>312</xmin>
			<ymin>752</ymin>
			<xmax>2581</xmax>
			<ymax>2857</ymax>
		</bndbox>
	</object>
</annotation>
