<annotation>
	<folder>adding2</folder>
	<filename>7665b65c2d600fa6dee189ff1c28c98.jpg</filename>
	<path>D:\programming\yolov5\VOCData\image\adding2\7665b65c2d600fa6dee189ff1c28c98.jpg</path>
	<source>
		<database>Unknown</database>
	</source>
	<size>
		<width>3942</width>
		<height>5256</height>
		<depth>3</depth>
	</size>
	<segmented>0</segmented>
	<object>
		<name>协同和机器厂</name>
		<pose>Unspecified</pose>
		<truncated>0</truncated>
		<difficult>0</difficult>
		<bndbox>
			<xmin>775</xmin>
			<ymin>1574</ymin>
			<xmax>3478</xmax>
			<ymax>3926</ymax>
		</bndbox>
	</object>
</annotation>
