<annotation>
	<folder>adding2</folder>
	<filename>778de5f0dbb41c743ae36ed821fa85e.jpg</filename>
	<path>D:\programming\yolov5\VOCData\image\adding2\778de5f0dbb41c743ae36ed821fa85e.jpg</path>
	<source>
		<database>Unknown</database>
	</source>
	<size>
		<width>2748</width>
		<height>3732</height>
		<depth>3</depth>
	</size>
	<segmented>0</segmented>
	<object>
		<name>广州沙面建筑群</name>
		<pose>Unspecified</pose>
		<truncated>0</truncated>
		<difficult>0</difficult>
		<bndbox>
			<xmin>468</xmin>
			<ymin>298</ymin>
			<xmax>2239</xmax>
			<ymax>2167</ymax>
		</bndbox>
	</object>
</annotation>
