<annotation>
	<folder>adding</folder>
	<filename>8077240ff700b28092696ebd5e7908c.jpg</filename>
	<path>D:\programming\yolov5\VOCData\image\adding\8077240ff700b28092696ebd5e7908c.jpg</path>
	<source>
		<database>Unknown</database>
	</source>
	<size>
		<width>2273</width>
		<height>3031</height>
		<depth>3</depth>
	</size>
	<segmented>0</segmented>
	<object>
		<name>粤汉铁路黄沙车站旧址</name>
		<pose>Unspecified</pose>
		<truncated>0</truncated>
		<difficult>0</difficult>
		<bndbox>
			<xmin>726</xmin>
			<ymin>623</ymin>
			<xmax>1909</xmax>
			<ymax>1610</ymax>
		</bndbox>
	</object>
</annotation>
