<annotation>
	<folder>adding2</folder>
	<filename>82c5bd7433990bf2d4cec1091c856a1.jpg</filename>
	<path>D:\programming\yolov5\VOCData\image\adding2\82c5bd7433990bf2d4cec1091c856a1.jpg</path>
	<source>
		<database>Unknown</database>
	</source>
	<size>
		<width>3776</width>
		<height>5035</height>
		<depth>3</depth>
	</size>
	<segmented>0</segmented>
	<object>
		<name>协同和机器厂</name>
		<pose>Unspecified</pose>
		<truncated>0</truncated>
		<difficult>0</difficult>
		<bndbox>
			<xmin>612</xmin>
			<ymin>883</ymin>
			<xmax>3194</xmax>
			<ymax>2804</ymax>
		</bndbox>
	</object>
</annotation>
