<annotation>
	<folder>adding</folder>
	<filename>8d1501e382a9c2cf65c538395df178c.jpg</filename>
	<path>D:\programming\yolov5\VOCData\image\adding\8d1501e382a9c2cf65c538395df178c.jpg</path>
	<source>
		<database>Unknown</database>
	</source>
	<size>
		<width>3632</width>
		<height>2724</height>
		<depth>3</depth>
	</size>
	<segmented>0</segmented>
	<object>
		<name>粤剧艺术博物馆</name>
		<pose>Unspecified</pose>
		<truncated>1</truncated>
		<difficult>0</difficult>
		<bndbox>
			<xmin>70</xmin>
			<ymin>990</ymin>
			<xmax>3632</xmax>
			<ymax>2455</ymax>
		</bndbox>
	</object>
</annotation>
