<annotation>
	<folder>adding</folder>
	<filename>9d791c7ab8bf7ad357c1a4b75b4158f.jpg</filename>
	<path>D:\programming\yolov5\VOCData\image\adding\9d791c7ab8bf7ad357c1a4b75b4158f.jpg</path>
	<source>
		<database>Unknown</database>
	</source>
	<size>
		<width>3531</width>
		<height>2648</height>
		<depth>3</depth>
	</size>
	<segmented>0</segmented>
	<object>
		<name>粤剧艺术博物馆</name>
		<pose>Unspecified</pose>
		<truncated>0</truncated>
		<difficult>0</difficult>
		<bndbox>
			<xmin>45</xmin>
			<ymin>849</ymin>
			<xmax>2803</xmax>
			<ymax>2378</ymax>
		</bndbox>
	</object>
</annotation>
