<annotation>
	<folder>adding</folder>
	<filename>a0501e590829e5bd538c3e45a7a0594.jpg</filename>
	<path>D:\programming\yolov5\VOCData\image\adding\a0501e590829e5bd538c3e45a7a0594.jpg</path>
	<source>
		<database>Unknown</database>
	</source>
	<size>
		<width>2409</width>
		<height>3212</height>
		<depth>3</depth>
	</size>
	<segmented>0</segmented>
	<object>
		<name>广州白天鹅宾馆</name>
		<pose>Unspecified</pose>
		<truncated>1</truncated>
		<difficult>0</difficult>
		<bndbox>
			<xmin>579</xmin>
			<ymin>109</ymin>
			<xmax>2409</xmax>
			<ymax>2418</ymax>
		</bndbox>
	</object>
</annotation>
