<annotation>
	<folder>adding2</folder>
	<filename>b06bc283afb7d0cc848b490514d0d04.jpg</filename>
	<path>D:\programming\yolov5\VOCData\image\adding2\b06bc283afb7d0cc848b490514d0d04.jpg</path>
	<source>
		<database>Unknown</database>
	</source>
	<size>
		<width>1983</width>
		<height>2644</height>
		<depth>3</depth>
	</size>
	<segmented>0</segmented>
	<object>
		<name>广州沙面建筑群</name>
		<pose>Unspecified</pose>
		<truncated>0</truncated>
		<difficult>0</difficult>
		<bndbox>
			<xmin>117</xmin>
			<ymin>354</ymin>
			<xmax>1801</xmax>
			<ymax>1815</ymax>
		</bndbox>
	</object>
</annotation>
