<annotation>
	<folder>adding2</folder>
	<filename>b53e84237ebfec302f225a5f9645cee.jpg</filename>
	<path>D:\programming\yolov5\VOCData\image\adding2\b53e84237ebfec302f225a5f9645cee.jpg</path>
	<source>
		<database>Unknown</database>
	</source>
	<size>
		<width>3760</width>
		<height>5013</height>
		<depth>3</depth>
	</size>
	<segmented>0</segmented>
	<object>
		<name>协同和机器厂</name>
		<pose>Unspecified</pose>
		<truncated>0</truncated>
		<difficult>0</difficult>
		<bndbox>
			<xmin>76</xmin>
			<ymin>1418</ymin>
			<xmax>3276</xmax>
			<ymax>3058</ymax>
		</bndbox>
	</object>
</annotation>
