<annotation>
	<folder>adding</folder>
	<filename>c06356bfe10371c13dcda11e7529dbb.jpg</filename>
	<path>D:\programming\yolov5\VOCData\image\adding\c06356bfe10371c13dcda11e7529dbb.jpg</path>
	<source>
		<database>Unknown</database>
	</source>
	<size>
		<width>2306</width>
		<height>3075</height>
		<depth>3</depth>
	</size>
	<segmented>0</segmented>
	<object>
		<name>粤汉铁路黄沙车站旧址</name>
		<pose>Unspecified</pose>
		<truncated>0</truncated>
		<difficult>0</difficult>
		<bndbox>
			<xmin>518</xmin>
			<ymin>590</ymin>
			<xmax>1479</xmax>
			<ymax>1842</ymax>
		</bndbox>
	</object>
</annotation>
