<annotation>
	<folder>adding2</folder>
	<filename>c2c61df6f6905be2ed8776fee6a71e9.jpg</filename>
	<path>D:\programming\yolov5\VOCData\image\adding2\c2c61df6f6905be2ed8776fee6a71e9.jpg</path>
	<source>
		<database>Unknown</database>
	</source>
	<size>
		<width>2275</width>
		<height>3033</height>
		<depth>3</depth>
	</size>
	<segmented>0</segmented>
	<object>
		<name>陈家祠</name>
		<pose>Unspecified</pose>
		<truncated>0</truncated>
		<difficult>0</difficult>
		<bndbox>
			<xmin>373</xmin>
			<ymin>911</ymin>
			<xmax>2256</xmax>
			<ymax>1894</ymax>
		</bndbox>
	</object>
</annotation>
