<annotation>
	<folder>adding</folder>
	<filename>d6d64e7848519f47fe3e6142ef67b9f.jpg</filename>
	<path>D:\programming\yolov5\VOCData\image\adding\d6d64e7848519f47fe3e6142ef67b9f.jpg</path>
	<source>
		<database>Unknown</database>
	</source>
	<size>
		<width>2824</width>
		<height>3765</height>
		<depth>3</depth>
	</size>
	<segmented>0</segmented>
	<object>
		<name>波楼</name>
		<pose>Unspecified</pose>
		<truncated>0</truncated>
		<difficult>0</difficult>
		<bndbox>
			<xmin>20</xmin>
			<ymin>1525</ymin>
			<xmax>1988</xmax>
			<ymax>2159</ymax>
		</bndbox>
	</object>
</annotation>
