<annotation>
	<folder>adding</folder>
	<filename>d9269175fb865bb3ac7093160a77958.jpg</filename>
	<path>D:\programming\yolov5\VOCData\image\adding\d9269175fb865bb3ac7093160a77958.jpg</path>
	<source>
		<database>Unknown</database>
	</source>
	<size>
		<width>2111</width>
		<height>2815</height>
		<depth>3</depth>
	</size>
	<segmented>0</segmented>
	<object>
		<name>云津阁文塔</name>
		<pose>Unspecified</pose>
		<truncated>0</truncated>
		<difficult>0</difficult>
		<bndbox>
			<xmin>3</xmin>
			<ymin>674</ymin>
			<xmax>2039</xmax>
			<ymax>2200</ymax>
		</bndbox>
	</object>
</annotation>
