<annotation>
	<folder>adding2</folder>
	<filename>de74c416193041aa8265be6a8c8cda5.jpg</filename>
	<path>D:\programming\yolov5\VOCData\image\adding2\de74c416193041aa8265be6a8c8cda5.jpg</path>
	<source>
		<database>Unknown</database>
	</source>
	<size>
		<width>2192</width>
		<height>2923</height>
		<depth>3</depth>
	</size>
	<segmented>0</segmented>
	<object>
		<name>陈家祠</name>
		<pose>Unspecified</pose>
		<truncated>0</truncated>
		<difficult>0</difficult>
		<bndbox>
			<xmin>61</xmin>
			<ymin>1036</ymin>
			<xmax>2106</xmax>
			<ymax>2097</ymax>
		</bndbox>
	</object>
</annotation>
