<annotation>
	<folder>adding</folder>
	<filename>e741e093e5ea1c4080abcfeb8068b2e.jpg</filename>
	<path>D:\programming\yolov5\VOCData\image\adding\e741e093e5ea1c4080abcfeb8068b2e.jpg</path>
	<source>
		<database>Unknown</database>
	</source>
	<size>
		<width>2974</width>
		<height>3965</height>
		<depth>3</depth>
	</size>
	<segmented>0</segmented>
	<object>
		<name>云津阁文塔</name>
		<pose>Unspecified</pose>
		<truncated>0</truncated>
		<difficult>0</difficult>
		<bndbox>
			<xmin>381</xmin>
			<ymin>1223</ymin>
			<xmax>2275</xmax>
			<ymax>3109</ymax>
		</bndbox>
	</object>
</annotation>
