<annotation>
	<folder>adding2</folder>
	<filename>e96ca99397b57e9ed15ceb0e2d86c4e.jpg</filename>
	<path>D:\programming\yolov5\VOCData\image\adding2\e96ca99397b57e9ed15ceb0e2d86c4e.jpg</path>
	<source>
		<database>Unknown</database>
	</source>
	<size>
		<width>3256</width>
		<height>4341</height>
		<depth>3</depth>
	</size>
	<segmented>0</segmented>
	<object>
		<name>协同和机器厂</name>
		<pose>Unspecified</pose>
		<truncated>0</truncated>
		<difficult>0</difficult>
		<bndbox>
			<xmin>261</xmin>
			<ymin>1011</ymin>
			<xmax>2652</xmax>
			<ymax>3057</ymax>
		</bndbox>
	</object>
</annotation>
