<annotation>
	<folder>adding</folder>
	<filename>ea059df9a5866c90b929ed9baee8975.jpg</filename>
	<path>D:\programming\yolov5\VOCData\image\adding\ea059df9a5866c90b929ed9baee8975.jpg</path>
	<source>
		<database>Unknown</database>
	</source>
	<size>
		<width>2662</width>
		<height>3742</height>
		<depth>3</depth>
	</size>
	<segmented>0</segmented>
	<object>
		<name>粤汉铁路黄沙车站旧址</name>
		<pose>Unspecified</pose>
		<truncated>0</truncated>
		<difficult>0</difficult>
		<bndbox>
			<xmin>525</xmin>
			<ymin>674</ymin>
			<xmax>2391</xmax>
			<ymax>2914</ymax>
		</bndbox>
	</object>
</annotation>
