<annotation>
	<folder>adding2</folder>
	<filename>ff838deee36f46e42a232bc22fc077e.jpg</filename>
	<path>D:\programming\yolov5\VOCData\image\adding2\ff838deee36f46e42a232bc22fc077e.jpg</path>
	<source>
		<database>Unknown</database>
	</source>
	<size>
		<width>2779</width>
		<height>3706</height>
		<depth>3</depth>
	</size>
	<segmented>0</segmented>
	<object>
		<name>广州沙面建筑群</name>
		<pose>Unspecified</pose>
		<truncated>1</truncated>
		<difficult>0</difficult>
		<bndbox>
			<xmin>175</xmin>
			<ymin>159</ymin>
			<xmax>2779</xmax>
			<ymax>2728</ymax>
		</bndbox>
	</object>
</annotation>
