<annotation>
	<folder>9塔影楼</folder>
	<filename>IMG_8433.jpg</filename>
	<path>D:\programming\yolov5\VOCData\image\9塔影楼\IMG_8433.jpg</path>
	<source>
		<database>Unknown</database>
	</source>
	<size>
		<width>3024</width>
		<height>4032</height>
		<depth>3</depth>
	</size>
	<segmented>0</segmented>
	<object>
		<name>塔影楼</name>
		<pose>Unspecified</pose>
		<truncated>0</truncated>
		<difficult>0</difficult>
		<bndbox>
			<xmin>815</xmin>
			<ymin>1842</ymin>
			<xmax>2115</xmax>
			<ymax>3134</ymax>
		</bndbox>
	</object>
</annotation>
