<annotation>
	<folder>10粤剧艺术博物馆</folder>
	<filename>IMG_4246.jpeg</filename>
	<path>D:\programming\yolov5\VOCData\image\10粤剧艺术博物馆\IMG_4246.jpeg</path>
	<source>
		<database>Unknown</database>
	</source>
	<size>
		<width>3024</width>
		<height>4032</height>
		<depth>3</depth>
	</size>
	<segmented>0</segmented>
	<object>
		<name>粤剧艺术博物馆</name>
		<pose>Unspecified</pose>
		<truncated>1</truncated>
		<difficult>0</difficult>
		<bndbox>
			<xmin>12</xmin>
			<ymin>1171</ymin>
			<xmax>3024</xmax>
			<ymax>2714</ymax>
		</bndbox>
	</object>
</annotation>
