<annotation>
	<folder>13广东邮务管理局旧址</folder>
	<filename>IMG_8437.jpg</filename>
	<path>D:\programming\yolov5\VOCData\image\13广东邮务管理局旧址\IMG_8437.jpg</path>
	<source>
		<database>Unknown</database>
	</source>
	<size>
		<width>3024</width>
		<height>4032</height>
		<depth>3</depth>
	</size>
	<segmented>0</segmented>
	<object>
		<name>广东邮务管理局旧址</name>
		<pose>Unspecified</pose>
		<truncated>0</truncated>
		<difficult>0</difficult>
		<bndbox>
			<xmin>120</xmin>
			<ymin>1057</ymin>
			<xmax>2723</xmax>
			<ymax>2819</ymax>
		</bndbox>
	</object>
</annotation>
