<annotation>
	<folder>8永安堂</folder>
	<filename>IMG_8465.jpg</filename>
	<path>D:\programming\yolov5\VOCData\image\8永安堂\IMG_8465.jpg</path>
	<source>
		<database>Unknown</database>
	</source>
	<size>
		<width>120</width>
		<height>160</height>
		<depth>3</depth>
	</size>
	<segmented>0</segmented>
	<object>
		<name>永安堂</name>
		<pose>Unspecified</pose>
		<truncated>0</truncated>
		<difficult>0</difficult>
		<bndbox>
			<xmin>25</xmin>
			<ymin>28</ymin>
			<xmax>62</xmax>
			<ymax>107</ymax>
		</bndbox>
	</object>
</annotation>
