<annotation>
	<folder>8海幢寺</folder>
	<filename>IMG_8410.jpg</filename>
	<path>D:\programming\yolov5\VOCData\image\8海幢寺\IMG_8410.jpg</path>
	<source>
		<database>Unknown</database>
	</source>
	<size>
		<width>3024</width>
		<height>4032</height>
		<depth>3</depth>
	</size>
	<segmented>0</segmented>
	<object>
		<name>海幢寺</name>
		<pose>Unspecified</pose>
		<truncated>0</truncated>
		<difficult>0</difficult>
		<bndbox>
			<xmin>475</xmin>
			<ymin>1802</ymin>
			<xmax>2455</xmax>
			<ymax>2837</ymax>
		</bndbox>
	</object>
</annotation>
