<annotation>
	<folder>10陈家祠</folder>
	<filename>IMG_4146.jpeg</filename>
	<path>D:\programming\yolov5\VOCData\image\10陈家祠\IMG_4146.jpeg</path>
	<source>
		<database>Unknown</database>
	</source>
	<size>
		<width>4284</width>
		<height>5712</height>
		<depth>3</depth>
	</size>
	<segmented>0</segmented>
	<object>
		<name>陈家祠</name>
		<pose>Unspecified</pose>
		<truncated>0</truncated>
		<difficult>0</difficult>
		<bndbox>
			<xmin>1642</xmin>
			<ymin>2238</ymin>
			<xmax>2638</xmax>
			<ymax>2850</ymax>
		</bndbox>
	</object>
</annotation>
