<annotation>
	<folder>10西关传统民居</folder>
	<filename>IMG_4253.jpeg</filename>
	<path>D:\programming\yolov5\VOCData\image\10西关传统民居\IMG_4253.jpeg</path>
	<source>
		<database>Unknown</database>
	</source>
	<size>
		<width>3024</width>
		<height>4032</height>
		<depth>3</depth>
	</size>
	<segmented>0</segmented>
	<object>
		<name>西关传统民居</name>
		<pose>Unspecified</pose>
		<truncated>0</truncated>
		<difficult>0</difficult>
		<bndbox>
			<xmin>1103</xmin>
			<ymin>411</ymin>
			<xmax>2812</xmax>
			<ymax>2771</ymax>
		</bndbox>
	</object>
</annotation>
