<annotation>
	<folder>11陶陶居</folder>
	<filename>IMG_4243.jpeg</filename>
	<path>D:\programming\yolov5\VOCData\image\11陶陶居\IMG_4243.jpeg</path>
	<source>
		<database>Unknown</database>
	</source>
	<size>
		<width>3024</width>
		<height>4032</height>
		<depth>3</depth>
	</size>
	<segmented>0</segmented>
	<object>
		<name>陶陶居</name>
		<pose>Unspecified</pose>
		<truncated>0</truncated>
		<difficult>0</difficult>
		<bndbox>
			<xmin>780</xmin>
			<ymin>742</ymin>
			<xmax>2389</xmax>
			<ymax>3277</ymax>
		</bndbox>
	</object>
</annotation>
