<annotation>
	<folder>9云津阁文塔</folder>
	<filename>IMG_4281.jpeg</filename>
	<path>D:\programming\yolov5\VOCData\image\9云津阁文塔\IMG_4281.jpeg</path>
	<source>
		<database>Unknown</database>
	</source>
	<size>
		<width>4284</width>
		<height>5712</height>
		<depth>3</depth>
	</size>
	<segmented>0</segmented>
	<object>
		<name>云津阁文塔</name>
		<pose>Unspecified</pose>
		<truncated>0</truncated>
		<difficult>0</difficult>
		<bndbox>
			<xmin>950</xmin>
			<ymin>2666</ymin>
			<xmax>3090</xmax>
			<ymax>4490</ymax>
		</bndbox>
	</object>
</annotation>
