<annotation>
	<folder>9云津阁文塔</folder>
	<filename>IMG_4117.jpeg</filename>
	<path>D:\programming\yolov5\VOCData\image\9云津阁文塔\IMG_4117.jpeg</path>
	<source>
		<database>Unknown</database>
	</source>
	<size>
		<width>3024</width>
		<height>4032</height>
		<depth>3</depth>
	</size>
	<segmented>0</segmented>
	<object>
		<name>云津阁文塔</name>
		<pose>Unspecified</pose>
		<truncated>0</truncated>
		<difficult>0</difficult>
		<bndbox>
			<xmin>395</xmin>
			<ymin>1608</ymin>
			<xmax>2717</xmax>
			<ymax>3157</ymax>
		</bndbox>
	</object>
</annotation>
