<annotation>
	<folder>10广州酒家</folder>
	<filename>IMG_4111.jpeg</filename>
	<path>D:\programming\yolov5\VOCData\image\10广州酒家\IMG_4111.jpeg</path>
	<source>
		<database>Unknown</database>
	</source>
	<size>
		<width>3024</width>
		<height>4032</height>
		<depth>3</depth>
	</size>
	<segmented>0</segmented>
	<object>
		<name>广州酒家</name>
		<pose>Unspecified</pose>
		<truncated>0</truncated>
		<difficult>0</difficult>
		<bndbox>
			<xmin>300</xmin>
			<ymin>99</ymin>
			<xmax>2443</xmax>
			<ymax>2837</ymax>
		</bndbox>
	</object>
</annotation>
