<annotation>
	<folder>10陈家祠</folder>
	<filename>IMG_4148.jpeg</filename>
	<path>D:\programming\yolov5\VOCData\image\10陈家祠\IMG_4148.jpeg</path>
	<source>
		<database>Unknown</database>
	</source>
	<size>
		<width>3024</width>
		<height>4032</height>
		<depth>3</depth>
	</size>
	<segmented>0</segmented>
	<object>
		<name>陈家祠</name>
		<pose>Unspecified</pose>
		<truncated>0</truncated>
		<difficult>0</difficult>
		<bndbox>
			<xmin>440</xmin>
			<ymin>1411</ymin>
			<xmax>2437</xmax>
			<ymax>2511</ymax>
		</bndbox>
	</object>
</annotation>
