<annotation>
	<folder>8第一次全国劳动大会旧址</folder>
	<filename>IMG_8425.jpg</filename>
	<path>D:\programming\yolov5\VOCData\image\8第一次全国劳动大会旧址\IMG_8425.jpg</path>
	<source>
		<database>Unknown</database>
	</source>
	<size>
		<width>120</width>
		<height>160</height>
		<depth>3</depth>
	</size>
	<segmented>0</segmented>
	<object>
		<name>第一次全国劳动大会旧址</name>
		<pose>Unspecified</pose>
		<truncated>0</truncated>
		<difficult>0</difficult>
		<bndbox>
			<xmin>67</xmin>
			<ymin>56</ymin>
			<xmax>86</xmax>
			<ymax>89</ymax>
		</bndbox>
	</object>
</annotation>
