<annotation>
	<folder>10中山大学孙逸仙纪念医院</folder>
	<filename>IMG_8456.jpg</filename>
	<path>D:\programming\yolov5\VOCData\image\10中山大学孙逸仙纪念医院\IMG_8456.jpg</path>
	<source>
		<database>Unknown</database>
	</source>
	<size>
		<width>3024</width>
		<height>4032</height>
		<depth>3</depth>
	</size>
	<segmented>0</segmented>
	<object>
		<name>中山大学孙逸仙纪念医院</name>
		<pose>Unspecified</pose>
		<truncated>0</truncated>
		<difficult>0</difficult>
		<bndbox>
			<xmin>255</xmin>
			<ymin>1125</ymin>
			<xmax>2540</xmax>
			<ymax>2008</ymax>
		</bndbox>
	</object>
</annotation>
