<annotation>
	<folder>10协同和机器厂</folder>
	<filename>IMG_4225.jpeg</filename>
	<path>D:\programming\yolov5\VOCData\image\10协同和机器厂\IMG_4225.jpeg</path>
	<source>
		<database>Unknown</database>
	</source>
	<size>
		<width>4284</width>
		<height>5712</height>
		<depth>3</depth>
	</size>
	<segmented>0</segmented>
	<object>
		<name>协同和机器厂</name>
		<pose>Unspecified</pose>
		<truncated>0</truncated>
		<difficult>0</difficult>
		<bndbox>
			<xmin>1130</xmin>
			<ymin>1770</ymin>
			<xmax>3262</xmax>
			<ymax>3222</ymax>
		</bndbox>
	</object>
</annotation>
