<annotation>
	<folder>12南方大厦</folder>
	<filename>IMG_8443.jpg</filename>
	<path>D:\programming\yolov5\VOCData\image\12南方大厦\IMG_8443.jpg</path>
	<source>
		<database>Unknown</database>
	</source>
	<size>
		<width>3024</width>
		<height>4032</height>
		<depth>3</depth>
	</size>
	<segmented>0</segmented>
	<object>
		<name>南方大厦</name>
		<pose>Unspecified</pose>
		<truncated>0</truncated>
		<difficult>0</difficult>
		<bndbox>
			<xmin>972</xmin>
			<ymin>728</ymin>
			<xmax>2052</xmax>
			<ymax>3431</ymax>
		</bndbox>
	</object>
</annotation>
