<annotation>
	<folder>10广州酒家</folder>
	<filename>IMG_4268.jpeg</filename>
	<path>D:\programming\yolov5\VOCData\image\10广州酒家\IMG_4268.jpeg</path>
	<source>
		<database>Unknown</database>
	</source>
	<size>
		<width>3024</width>
		<height>4032</height>
		<depth>3</depth>
	</size>
	<segmented>0</segmented>
	<object>
		<name>广州酒家</name>
		<pose>Unspecified</pose>
		<truncated>1</truncated>
		<difficult>0</difficult>
		<bndbox>
			<xmin>386</xmin>
			<ymin>739</ymin>
			<xmax>3024</xmax>
			<ymax>3299</ymax>
		</bndbox>
	</object>
</annotation>
