{
  "description": "项目私有配置文件。此文件中的内容将覆盖 project.config.json 中的相同字段。项目的改动优先同步到此文件中。详见文档：https://developers.weixin.qq.com/miniprogram/dev/devtools/projectconfig.html",
  "projectname": "miniprogram-6",
  "setting": {
    "compileHotReLoad": false,
    "urlCheck": false
  },
  "condition": {
    "miniprogram": {
      "list": [
        {
          "name": "pages/neighbor/neighbor",
          "pathName": "pages/neighbor/neighbor",
          "query": "id=3",
          "launchMode": "default",
          "scene": null
        },
        {
          "name": "pages/final_question/final_question",
          "pathName": "pages/final_question/final_question",
          "query": "id=1&que_id=2",
          "launchMode": "default",
          "scene": null
        },
        {
          "name": "pages/question/question",
          "pathName": "pages/question/question",
          "query": "id=1",
          "launchMode": "default",
          "scene": null
        },
        {
          "name": "pages/map/map",
          "pathName": "pages/map/map",
          "query": "id=3",
          "launchMode": "default",
          "scene": null
        },
        {
          "name": "pages/neighbor/neighbor",
          "pathName": "pages/neighbor/neighbor",
          "query": "id=3",
          "launchMode": "default",
          "scene": null
        },
        {
          "name": "pages/introduction/introduction",
          "pathName": "pages/introduction/introduction",
          "query": "id=2",
          "launchMode": "default",
          "scene": null
        },
        {
          "name": "pages/introduction/introduction",
          "pathName": "pages/introduction/introduction",
          "query": "id=12",
          "launchMode": "default",
          "scene": null
        },
        {
          "name": "pages/map/map",
          "pathName": "pages/map/map",
          "query": "",
          "launchMode": "default",
          "scene": null
        },
        {
          "name": "pages/index/index",
          "pathName": "pages/index/index",
          "query": "",
          "launchMode": "default",
          "scene": null
        },
        {
          "name": "pages/archilist/archilist",
          "pathName": "pages/archilist/archilist",
          "query": "",
          "launchMode": "default",
          "scene": null
        }
      ]
    }
  }
}