<annotation>
	<folder>adding</folder>
	<filename>025922fe8518ea4d152222f87ea65f7.jpg</filename>
	<path>D:\programming\yolov5\VOCData\image\adding\025922fe8518ea4d152222f87ea65f7.jpg</path>
	<source>
		<database>Unknown</database>
	</source>
	<size>
		<width>2662</width>
		<height>3549</height>
		<depth>3</depth>
	</size>
	<segmented>0</segmented>
	<object>
		<name>信义会馆</name>
		<pose>Unspecified</pose>
		<truncated>0</truncated>
		<difficult>0</difficult>
		<bndbox>
			<xmin>531</xmin>
			<ymin>658</ymin>
			<xmax>2283</xmax>
			<ymax>2148</ymax>
		</bndbox>
	</object>
</annotation>
