<annotation>
	<folder>adding</folder>
	<filename>0e0bb824eeafab0ee3eaeeef77c1236.jpg</filename>
	<path>D:\programming\yolov5\VOCData\image\adding\0e0bb824eeafab0ee3eaeeef77c1236.jpg</path>
	<source>
		<database>Unknown</database>
	</source>
	<size>
		<width>2225</width>
		<height>2967</height>
		<depth>3</depth>
	</size>
	<segmented>0</segmented>
	<object>
		<name>信义会馆</name>
		<pose>Unspecified</pose>
		<truncated>0</truncated>
		<difficult>0</difficult>
		<bndbox>
			<xmin>423</xmin>
			<ymin>636</ymin>
			<xmax>2037</xmax>
			<ymax>1713</ymax>
		</bndbox>
	</object>
</annotation>
