<annotation>
	<folder>adding</folder>
	<filename>1a5b2ea8c1ee2e7015efcd50c7b2e7c.jpg</filename>
	<path>D:\programming\yolov5\VOCData\image\adding\1a5b2ea8c1ee2e7015efcd50c7b2e7c.jpg</path>
	<source>
		<database>Unknown</database>
	</source>
	<size>
		<width>3163</width>
		<height>2372</height>
		<depth>3</depth>
	</size>
	<segmented>0</segmented>
	<object>
		<name>粤剧艺术博物馆</name>
		<pose>Unspecified</pose>
		<truncated>0</truncated>
		<difficult>0</difficult>
		<bndbox>
			<xmin>396</xmin>
			<ymin>736</ymin>
			<xmax>3143</xmax>
			<ymax>2149</ymax>
		</bndbox>
	</object>
</annotation>
