<annotation>
	<folder>adding</folder>
	<filename>1a5c61de2000ac913f2c59285b9d1f8.jpg</filename>
	<path>D:\programming\yolov5\VOCData\image\adding\1a5c61de2000ac913f2c59285b9d1f8.jpg</path>
	<source>
		<database>Unknown</database>
	</source>
	<size>
		<width>3710</width>
		<height>2782</height>
		<depth>3</depth>
	</size>
	<segmented>0</segmented>
	<object>
		<name>粤剧艺术博物馆</name>
		<pose>Unspecified</pose>
		<truncated>1</truncated>
		<difficult>0</difficult>
		<bndbox>
			<xmin>299</xmin>
			<ymin>1413</ymin>
			<xmax>3710</xmax>
			<ymax>2782</ymax>
		</bndbox>
	</object>
</annotation>
