<annotation>
	<folder>群像</folder>
	<filename>2024-10-23 160949.jpg</filename>
	<path>D:\programming\yolov5\VOCData\image\群像\2024-10-23 160949.jpg</path>
	<source>
		<database>Unknown</database>
	</source>
	<size>
		<width>3024</width>
		<height>4032</height>
		<depth>3</depth>
	</size>
	<segmented>0</segmented>
	<object>
		<name>广州鲁迅纪念馆</name>
		<pose>Unspecified</pose>
		<truncated>0</truncated>
		<difficult>0</difficult>
		<bndbox>
			<xmin>1520</xmin>
			<ymin>2342</ymin>
			<xmax>2466</xmax>
			<ymax>3005</ymax>
		</bndbox>
	</object>
	<object>
		<name>东濠涌水系</name>
		<pose>Unspecified</pose>
		<truncated>1</truncated>
		<difficult>0</difficult>
		<bndbox>
			<xmin>2043</xmin>
			<ymin>1568</ymin>
			<xmax>3024</xmax>
			<ymax>2334</ymax>
		</bndbox>
	</object>
</annotation>
