<annotation>
	<folder>群像</folder>
	<filename>2024-10-23 160854.jpg</filename>
	<path>D:\programming\yolov5\VOCData\image\群像\2024-10-23 160854.jpg</path>
	<source>
		<database>Unknown</database>
	</source>
	<size>
		<width>3024</width>
		<height>4032</height>
		<depth>3</depth>
	</size>
	<segmented>0</segmented>
	<object>
		<name>怀圣寺</name>
		<pose>Unspecified</pose>
		<truncated>0</truncated>
		<difficult>0</difficult>
		<bndbox>
			<xmin>303</xmin>
			<ymin>531</ymin>
			<xmax>1095</xmax>
			<ymax>1385</ymax>
		</bndbox>
	</object>
	<object>
		<name>广州解放纪念像</name>
		<pose>Unspecified</pose>
		<truncated>0</truncated>
		<difficult>0</difficult>
		<bndbox>
			<xmin>2186</xmin>
			<ymin>2314</ymin>
			<xmax>2652</xmax>
			<ymax>3354</ymax>
		</bndbox>
	</object>
	<object>
		<name>广州圣心大教堂</name>
		<pose>Unspecified</pose>
		<truncated>0</truncated>
		<difficult>0</difficult>
		<bndbox>
			<xmin>449</xmin>
			<ymin>1974</ymin>
			<xmax>1215</xmax>
			<ymax>3211</ymax>
		</bndbox>
	</object>
	<object>
		<name>五仙门发电厂旧址</name>
		<pose>Unspecified</pose>
		<truncated>0</truncated>
		<difficult>0</difficult>
		<bndbox>
			<xmin>909</xmin>
			<ymin>3197</ymin>
			<xmax>2232</xmax>
			<ymax>3799</ymax>
		</bndbox>
	</object>
	<object>
		<name>海珠桥</name>
		<pose>Unspecified</pose>
		<truncated>1</truncated>
		<difficult>0</difficult>
		<bndbox>
			<xmin>2317</xmin>
			<ymin>3388</ymin>
			<xmax>3024</xmax>
			<ymax>4032</ymax>
		</bndbox>
	</object>
</annotation>
