<annotation>
	<folder>群像</folder>
	<filename>2024-10-23 162004.jpg</filename>
	<path>D:\programming\yolov5\VOCData\image\群像\2024-10-23 162004.jpg</path>
	<source>
		<database>Unknown</database>
	</source>
	<size>
		<width>3024</width>
		<height>4032</height>
		<depth>3</depth>
	</size>
	<segmented>0</segmented>
	<object>
		<name>海珠桥</name>
		<pose>Unspecified</pose>
		<truncated>1</truncated>
		<difficult>0</difficult>
		<bndbox>
			<xmin>340</xmin>
			<ymin>3291</ymin>
			<xmax>1012</xmax>
			<ymax>4032</ymax>
		</bndbox>
	</object>
	<object>
		<name>中国银行旧址</name>
		<pose>Unspecified</pose>
		<truncated>0</truncated>
		<difficult>0</difficult>
		<bndbox>
			<xmin>780</xmin>
			<ymin>2057</ymin>
			<xmax>1606</xmax>
			<ymax>2839</ymax>
		</bndbox>
	</object>
	<object>
		<name>广州解放纪念像</name>
		<pose>Unspecified</pose>
		<truncated>0</truncated>
		<difficult>0</difficult>
		<bndbox>
			<xmin>306</xmin>
			<ymin>2019</ymin>
			<xmax>735</xmax>
			<ymax>3222</ymax>
		</bndbox>
	</object>
</annotation>
