<annotation>
	<folder>群像</folder>
	<filename>2024-10-23 161147.jpg</filename>
	<path>D:\programming\yolov5\VOCData\image\群像\2024-10-23 161147.jpg</path>
	<source>
		<database>Unknown</database>
	</source>
	<size>
		<width>4032</width>
		<height>3024</height>
		<depth>3</depth>
	</size>
	<segmented>0</segmented>
	<object>
		<name>广东财政厅旧址</name>
		<pose>Unspecified</pose>
		<truncated>1</truncated>
		<difficult>0</difficult>
		<bndbox>
			<xmin>1251</xmin>
			<ymin>1</ymin>
			<xmax>2130</xmax>
			<ymax>385</ymax>
		</bndbox>
	</object>
	<object>
		<name>广州鲁迅纪念馆</name>
		<pose>Unspecified</pose>
		<truncated>1</truncated>
		<difficult>0</difficult>
		<bndbox>
			<xmin>3173</xmin>
			<ymin>1336</ymin>
			<xmax>4032</xmax>
			<ymax>1925</ymax>
		</bndbox>
	</object>
</annotation>
