<annotation>
	<folder>6中国银行旧址</folder>
	<filename>2024-10-23 161405.jpg</filename>
	<path>D:\programming\yolov5\VOCData\image\6中国银行旧址\2024-10-23 161405.jpg</path>
	<source>
		<database>Unknown</database>
	</source>
	<size>
		<width>3024</width>
		<height>4032</height>
		<depth>3</depth>
	</size>
	<segmented>0</segmented>
	<object>
		<name>中国银行旧址</name>
		<pose>Unspecified</pose>
		<truncated>0</truncated>
		<difficult>0</difficult>
		<bndbox>
			<xmin>697</xmin>
			<ymin>951</ymin>
			<xmax>2397</xmax>
			<ymax>2745</ymax>
		</bndbox>
	</object>
</annotation>
