<annotation>
	<folder>群像</folder>
	<filename>2024-10-23 161004.jpg</filename>
	<path>D:\programming\yolov5\VOCData\image\群像\2024-10-23 161004.jpg</path>
	<source>
		<database>Unknown</database>
	</source>
	<size>
		<width>3024</width>
		<height>4032</height>
		<depth>3</depth>
	</size>
	<segmented>0</segmented>
	<object>
		<name>广东财政厅旧址</name>
		<pose>Unspecified</pose>
		<truncated>0</truncated>
		<difficult>0</difficult>
		<bndbox>
			<xmin>1766</xmin>
			<ymin>1797</ymin>
			<xmax>2606</xmax>
			<ymax>2702</ymax>
		</bndbox>
	</object>
	<object>
		<name>广州市政府合署旧址</name>
		<pose>Unspecified</pose>
		<truncated>0</truncated>
		<difficult>0</difficult>
		<bndbox>
			<xmin>563</xmin>
			<ymin>1479</ymin>
			<xmax>1729</xmax>
			<ymax>2491</ymax>
		</bndbox>
	</object>
</annotation>
