<annotation>
	<folder>群像</folder>
	<filename>2024-10-23 160957.jpg</filename>
	<path>D:\programming\yolov5\VOCData\image\群像\2024-10-23 160957.jpg</path>
	<source>
		<database>Unknown</database>
	</source>
	<size>
		<width>3024</width>
		<height>4032</height>
		<depth>3</depth>
	</size>
	<segmented>0</segmented>
	<object>
		<name>广东财政厅旧址</name>
		<pose>Unspecified</pose>
		<truncated>0</truncated>
		<difficult>0</difficult>
		<bndbox>
			<xmin>1612</xmin>
			<ymin>1379</ymin>
			<xmax>2660</xmax>
			<ymax>2342</ymax>
		</bndbox>
	</object>
	<object>
		<name>广州市政府合署旧址</name>
		<pose>Unspecified</pose>
		<truncated>0</truncated>
		<difficult>0</difficult>
		<bndbox>
			<xmin>403</xmin>
			<ymin>1688</ymin>
			<xmax>1626</xmax>
			<ymax>2457</ymax>
		</bndbox>
	</object>
</annotation>
