<annotation>
	<folder>群像</folder>
	<filename>2024-10-23 160013.jpg</filename>
	<path>D:\programming\yolov5\VOCData\image\群像\2024-10-23 160013.jpg</path>
	<source>
		<database>Unknown</database>
	</source>
	<size>
		<width>3024</width>
		<height>4032</height>
		<depth>3</depth>
	</size>
	<segmented>0</segmented>
	<object>
		<name>六榕寺</name>
		<pose>Unspecified</pose>
		<truncated>0</truncated>
		<difficult>0</difficult>
		<bndbox>
			<xmin>515</xmin>
			<ymin>5</ymin>
			<xmax>1149</xmax>
			<ymax>499</ymax>
		</bndbox>
	</object>
	<object>
		<name>怀圣寺</name>
		<pose>Unspecified</pose>
		<truncated>0</truncated>
		<difficult>0</difficult>
		<bndbox>
			<xmin>257</xmin>
			<ymin>805</ymin>
			<xmax>980</xmax>
			<ymax>1551</ymax>
		</bndbox>
	</object>
	<object>
		<name>广州圣心大教堂</name>
		<pose>Unspecified</pose>
		<truncated>0</truncated>
		<difficult>0</difficult>
		<bndbox>
			<xmin>369</xmin>
			<ymin>2099</ymin>
			<xmax>1023</xmax>
			<ymax>3134</ymax>
		</bndbox>
	</object>
	<object>
		<name>五仙门发电厂旧址</name>
		<pose>Unspecified</pose>
		<truncated>0</truncated>
		<difficult>0</difficult>
		<bndbox>
			<xmin>837</xmin>
			<ymin>3239</ymin>
			<xmax>1975</xmax>
			<ymax>3614</ymax>
		</bndbox>
	</object>
	<object>
		<name>广州解放纪念像</name>
		<pose>Unspecified</pose>
		<truncated>0</truncated>
		<difficult>0</difficult>
		<bndbox>
			<xmin>1932</xmin>
			<ymin>2454</ymin>
			<xmax>2346</xmax>
			<ymax>3337</ymax>
		</bndbox>
	</object>
	<object>
		<name>中国银行旧址</name>
		<pose>Unspecified</pose>
		<truncated>0</truncated>
		<difficult>0</difficult>
		<bndbox>
			<xmin>2352</xmin>
			<ymin>2562</ymin>
			<xmax>3000</xmax>
			<ymax>3154</ymax>
		</bndbox>
	</object>
</annotation>
