<annotation>
	<folder>群像</folder>
	<filename>2024-10-23 160838.jpg</filename>
	<path>D:\programming\yolov5\VOCData\image\群像\2024-10-23 160838.jpg</path>
	<source>
		<database>Unknown</database>
	</source>
	<size>
		<width>3024</width>
		<height>4032</height>
		<depth>3</depth>
	</size>
	<segmented>0</segmented>
	<object>
		<name>中国银行旧址</name>
		<pose>Unspecified</pose>
		<truncated>0</truncated>
		<difficult>0</difficult>
		<bndbox>
			<xmin>1097</xmin>
			<ymin>2908</ymin>
			<xmax>1760</xmax>
			<ymax>3548</ymax>
		</bndbox>
	</object>
	<object>
		<name>广州解放纪念像</name>
		<pose>Unspecified</pose>
		<truncated>0</truncated>
		<difficult>0</difficult>
		<bndbox>
			<xmin>749</xmin>
			<ymin>2774</ymin>
			<xmax>1077</xmax>
			<ymax>3797</ymax>
		</bndbox>
	</object>
	<object>
		<name>广州鲁迅纪念馆</name>
		<pose>Unspecified</pose>
		<truncated>1</truncated>
		<difficult>0</difficult>
		<bndbox>
			<xmin>2517</xmin>
			<ymin>1331</ymin>
			<xmax>3024</xmax>
			<ymax>1754</ymax>
		</bndbox>
	</object>
</annotation>
