<annotation>
	<folder>群像</folder>
	<filename>2024-10-23 160021.jpg</filename>
	<path>D:\programming\yolov5\VOCData\image\群像\2024-10-23 160021.jpg</path>
	<source>
		<database>Unknown</database>
	</source>
	<size>
		<width>3024</width>
		<height>4032</height>
		<depth>3</depth>
	</size>
	<segmented>0</segmented>
	<object>
		<name>东濠涌水系</name>
		<pose>Unspecified</pose>
		<truncated>0</truncated>
		<difficult>0</difficult>
		<bndbox>
			<xmin>1992</xmin>
			<ymin>1417</ymin>
			<xmax>2886</xmax>
			<ymax>2097</ymax>
		</bndbox>
	</object>
	<object>
		<name>广州鲁迅纪念馆</name>
		<pose>Unspecified</pose>
		<truncated>0</truncated>
		<difficult>0</difficult>
		<bndbox>
			<xmin>1497</xmin>
			<ymin>2042</ymin>
			<xmax>2440</xmax>
			<ymax>2711</ymax>
		</bndbox>
	</object>
</annotation>
