<annotation>
	<folder>23广九铁路纪念园</folder>
	<filename>321dd5e13a8b3373da70b3269403cc2.jpg</filename>
	<path>D:\programming\yolov5\VOCData\image\23广九铁路纪念园\321dd5e13a8b3373da70b3269403cc2.jpg</path>
	<source>
		<database>Unknown</database>
	</source>
	<size>
		<width>3024</width>
		<height>4032</height>
		<depth>3</depth>
	</size>
	<segmented>0</segmented>
	<object>
		<name>广九铁路纪念园</name>
		<pose>Unspecified</pose>
		<truncated>0</truncated>
		<difficult>0</difficult>
		<bndbox>
			<xmin>20</xmin>
			<ymin>902</ymin>
			<xmax>2600</xmax>
			<ymax>2325</ymax>
		</bndbox>
	</object>
</annotation>
