<annotation>
	<folder>23广九铁路纪念园</folder>
	<filename>4b8c27c3e103ae0d62e5eb9bb6a5ce5.jpg</filename>
	<path>D:\programming\yolov5\VOCData\image\23广九铁路纪念园\4b8c27c3e103ae0d62e5eb9bb6a5ce5.jpg</path>
	<source>
		<database>Unknown</database>
	</source>
	<size>
		<width>3024</width>
		<height>4032</height>
		<depth>3</depth>
	</size>
	<segmented>0</segmented>
	<object>
		<name>广九铁路纪念园</name>
		<pose>Unspecified</pose>
		<truncated>0</truncated>
		<difficult>0</difficult>
		<bndbox>
			<xmin>49</xmin>
			<ymin>1397</ymin>
			<xmax>2646</xmax>
			<ymax>2682</ymax>
		</bndbox>
	</object>
</annotation>
