<annotation>
	<folder>23广九铁路纪念园</folder>
	<filename>55954f077e6d4ff8d244cf03b0128ba.jpg</filename>
	<path>D:\programming\yolov5\VOCData\image\23广九铁路纪念园\55954f077e6d4ff8d244cf03b0128ba.jpg</path>
	<source>
		<database>Unknown</database>
	</source>
	<size>
		<width>3024</width>
		<height>4032</height>
		<depth>3</depth>
	</size>
	<segmented>0</segmented>
	<object>
		<name>广九铁路纪念园</name>
		<pose>Unspecified</pose>
		<truncated>0</truncated>
		<difficult>0</difficult>
		<bndbox>
			<xmin>197</xmin>
			<ymin>1719</ymin>
			<xmax>2892</xmax>
			<ymax>3174</ymax>
		</bndbox>
	</object>
</annotation>
