<annotation>
	<folder>adding</folder>
	<filename>606c8fd99e0dc066f78d8b65134bded.jpg</filename>
	<path>D:\programming\yolov5\VOCData\image\adding\606c8fd99e0dc066f78d8b65134bded.jpg</path>
	<source>
		<database>Unknown</database>
	</source>
	<size>
		<width>2687</width>
		<height>3583</height>
		<depth>3</depth>
	</size>
	<segmented>0</segmented>
	<object>
		<name>粤剧艺术博物馆</name>
		<pose>Unspecified</pose>
		<truncated>1</truncated>
		<difficult>0</difficult>
		<bndbox>
			<xmin>7</xmin>
			<ymin>895</ymin>
			<xmax>2687</xmax>
			<ymax>2521</ymax>
		</bndbox>
	</object>
</annotation>
