<annotation>
	<folder>adding</folder>
	<filename>771be13defbec668f3b650be0c7f6eb.jpg</filename>
	<path>D:\programming\yolov5\VOCData\image\adding\771be13defbec668f3b650be0c7f6eb.jpg</path>
	<source>
		<database>Unknown</database>
	</source>
	<size>
		<width>3762</width>
		<height>2821</height>
		<depth>3</depth>
	</size>
	<segmented>0</segmented>
	<object>
		<name>粤剧艺术博物馆</name>
		<pose>Unspecified</pose>
		<truncated>1</truncated>
		<difficult>0</difficult>
		<bndbox>
			<xmin>29</xmin>
			<ymin>687</ymin>
			<xmax>3762</xmax>
			<ymax>2633</ymax>
		</bndbox>
	</object>
</annotation>
