<annotation>
	<folder>adding</folder>
	<filename>79134abcc50952ae54b738d9775af92.jpg</filename>
	<path>D:\programming\yolov5\VOCData\image\adding\79134abcc50952ae54b738d9775af92.jpg</path>
	<source>
		<database>Unknown</database>
	</source>
	<size>
		<width>2658</width>
		<height>3544</height>
		<depth>3</depth>
	</size>
	<segmented>0</segmented>
	<object>
		<name>粤汉铁路黄沙车站旧址</name>
		<pose>Unspecified</pose>
		<truncated>0</truncated>
		<difficult>0</difficult>
		<bndbox>
			<xmin>244</xmin>
			<ymin>205</ymin>
			<xmax>1991</xmax>
			<ymax>2148</ymax>
		</bndbox>
	</object>
</annotation>
