<annotation>
	<folder>adding</folder>
	<filename>7f4db583c53eaf261301cc69344df69.jpg</filename>
	<path>D:\programming\yolov5\VOCData\image\adding\7f4db583c53eaf261301cc69344df69.jpg</path>
	<source>
		<database>Unknown</database>
	</source>
	<size>
		<width>2680</width>
		<height>3573</height>
		<depth>3</depth>
	</size>
	<segmented>0</segmented>
	<object>
		<name>云津阁文塔</name>
		<pose>Unspecified</pose>
		<truncated>0</truncated>
		<difficult>0</difficult>
		<bndbox>
			<xmin>165</xmin>
			<ymin>463</ymin>
			<xmax>2207</xmax>
			<ymax>2380</ymax>
		</bndbox>
	</object>
</annotation>
