<annotation>
	<folder>adding</folder>
	<filename>9446490e30773c36c0cc3b32c18a038.jpg</filename>
	<path>D:\programming\yolov5\VOCData\image\adding\9446490e30773c36c0cc3b32c18a038.jpg</path>
	<source>
		<database>Unknown</database>
	</source>
	<size>
		<width>2678</width>
		<height>3571</height>
		<depth>3</depth>
	</size>
	<segmented>0</segmented>
	<object>
		<name>广州白天鹅宾馆</name>
		<pose>Unspecified</pose>
		<truncated>0</truncated>
		<difficult>0</difficult>
		<bndbox>
			<xmin>99</xmin>
			<ymin>817</ymin>
			<xmax>2266</xmax>
			<ymax>2892</ymax>
		</bndbox>
	</object>
</annotation>
