<annotation>
	<folder>adding</folder>
	<filename>9cbb71c38ef75df847c7efb49e8dbba.jpg</filename>
	<path>D:\programming\yolov5\VOCData\image\adding\9cbb71c38ef75df847c7efb49e8dbba.jpg</path>
	<source>
		<database>Unknown</database>
	</source>
	<size>
		<width>2398</width>
		<height>3198</height>
		<depth>3</depth>
	</size>
	<segmented>0</segmented>
	<object>
		<name>云津阁文塔</name>
		<pose>Unspecified</pose>
		<truncated>0</truncated>
		<difficult>0</difficult>
		<bndbox>
			<xmin>285</xmin>
			<ymin>795</ymin>
			<xmax>2121</xmax>
			<ymax>2170</ymax>
		</bndbox>
	</object>
</annotation>
