<annotation>
	<folder>adding</folder>
	<filename>a962286e028df7e48d005cad1468a53.jpg</filename>
	<path>D:\programming\yolov5\VOCData\image\adding\a962286e028df7e48d005cad1468a53.jpg</path>
	<source>
		<database>Unknown</database>
	</source>
	<size>
		<width>2314</width>
		<height>3085</height>
		<depth>3</depth>
	</size>
	<segmented>0</segmented>
	<object>
		<name>广州白天鹅宾馆</name>
		<pose>Unspecified</pose>
		<truncated>1</truncated>
		<difficult>0</difficult>
		<bndbox>
			<xmin>14</xmin>
			<ymin>25</ymin>
			<xmax>2314</xmax>
			<ymax>2547</ymax>
		</bndbox>
	</object>
</annotation>
