<annotation>
	<folder>adding</folder>
	<filename>b1c219d61fe9670f6aead99c098f013.jpg</filename>
	<path>D:\programming\yolov5\VOCData\image\adding\b1c219d61fe9670f6aead99c098f013.jpg</path>
	<source>
		<database>Unknown</database>
	</source>
	<size>
		<width>2242</width>
		<height>2990</height>
		<depth>3</depth>
	</size>
	<segmented>0</segmented>
	<object>
		<name>粤汉铁路黄沙车站旧址</name>
		<pose>Unspecified</pose>
		<truncated>0</truncated>
		<difficult>0</difficult>
		<bndbox>
			<xmin>678</xmin>
			<ymin>406</ymin>
			<xmax>1869</xmax>
			<ymax>1764</ymax>
		</bndbox>
	</object>
</annotation>
