<annotation>
	<folder>adding</folder>
	<filename>d1643e9feb82f244ebd029374aa41fb.jpg</filename>
	<path>D:\programming\yolov5\VOCData\image\adding\d1643e9feb82f244ebd029374aa41fb.jpg</path>
	<source>
		<database>Unknown</database>
	</source>
	<size>
		<width>3024</width>
		<height>4032</height>
		<depth>3</depth>
	</size>
	<segmented>0</segmented>
	<object>
		<name>波楼</name>
		<pose>Unspecified</pose>
		<truncated>0</truncated>
		<difficult>0</difficult>
		<bndbox>
			<xmin>252</xmin>
			<ymin>1491</ymin>
			<xmax>2949</xmax>
			<ymax>2422</ymax>
		</bndbox>
	</object>
</annotation>
