<annotation>
	<folder>adding</folder>
	<filename>ed15ec38a6d930c57591512033154c0.jpg</filename>
	<path>D:\programming\yolov5\VOCData\image\adding\ed15ec38a6d930c57591512033154c0.jpg</path>
	<source>
		<database>Unknown</database>
	</source>
	<size>
		<width>2629</width>
		<height>3505</height>
		<depth>3</depth>
	</size>
	<segmented>0</segmented>
	<object>
		<name>广州白天鹅宾馆</name>
		<pose>Unspecified</pose>
		<truncated>0</truncated>
		<difficult>0</difficult>
		<bndbox>
			<xmin>492</xmin>
			<ymin>546</ymin>
			<xmax>2092</xmax>
			<ymax>2064</ymax>
		</bndbox>
	</object>
</annotation>
