<annotation>
	<folder>adding</folder>
	<filename>f49ecd294a856094a3beb8ad87daf5f.jpg</filename>
	<path>D:\programming\yolov5\VOCData\image\adding\f49ecd294a856094a3beb8ad87daf5f.jpg</path>
	<source>
		<database>Unknown</database>
	</source>
	<size>
		<width>2787</width>
		<height>3716</height>
		<depth>3</depth>
	</size>
	<segmented>0</segmented>
	<object>
		<name>粤汉铁路黄沙车站旧址</name>
		<pose>Unspecified</pose>
		<truncated>0</truncated>
		<difficult>0</difficult>
		<bndbox>
			<xmin>1040</xmin>
			<ymin>1185</ymin>
			<xmax>2451</xmax>
			<ymax>2135</ymax>
		</bndbox>
	</object>
</annotation>
