<annotation>
	<folder>adding</folder>
	<filename>f9a545b516d70ca39bd49d7676bf5fc.jpg</filename>
	<path>D:\programming\yolov5\VOCData\image\adding\f9a545b516d70ca39bd49d7676bf5fc.jpg</path>
	<source>
		<database>Unknown</database>
	</source>
	<size>
		<width>2666</width>
		<height>3555</height>
		<depth>3</depth>
	</size>
	<segmented>0</segmented>
	<object>
		<name>信义会馆</name>
		<pose>Unspecified</pose>
		<truncated>0</truncated>
		<difficult>0</difficult>
		<bndbox>
			<xmin>423</xmin>
			<ymin>1161</ymin>
			<xmax>2038</xmax>
			<ymax>2409</ymax>
		</bndbox>
	</object>
</annotation>
