<annotation>
	<folder>10华林寺</folder>
	<filename>IMG_4271.jpeg</filename>
	<path>D:\programming\yolov5\VOCData\image\10华林寺\IMG_4271.jpeg</path>
	<source>
		<database>Unknown</database>
	</source>
	<size>
		<width>4032</width>
		<height>3024</height>
		<depth>3</depth>
	</size>
	<segmented>0</segmented>
	<object>
		<name>华林寺</name>
		<pose>Unspecified</pose>
		<truncated>0</truncated>
		<difficult>0</difficult>
		<bndbox>
			<xmin>698</xmin>
			<ymin>932</ymin>
			<xmax>3785</xmax>
			<ymax>2440</ymax>
		</bndbox>
	</object>
</annotation>
