<annotation>
	<folder>10广州白天鹅宾馆</folder>
	<filename>IMG_4085.jpeg</filename>
	<path>D:\programming\yolov5\VOCData\image\10广州白天鹅宾馆\IMG_4085.jpeg</path>
	<source>
		<database>Unknown</database>
	</source>
	<size>
		<width>3024</width>
		<height>4032</height>
		<depth>3</depth>
	</size>
	<segmented>0</segmented>
	<object>
		<name>广州白天鹅宾馆</name>
		<pose>Unspecified</pose>
		<truncated>0</truncated>
		<difficult>0</difficult>
		<bndbox>
			<xmin>789</xmin>
			<ymin>979</ymin>
			<xmax>2155</xmax>
			<ymax>2231</ymax>
		</bndbox>
	</object>
</annotation>
