<annotation>
	<folder>10广州白天鹅宾馆</folder>
	<filename>IMG_4086.jpeg</filename>
	<path>D:\programming\yolov5\VOCData\image\10广州白天鹅宾馆\IMG_4086.jpeg</path>
	<source>
		<database>Unknown</database>
	</source>
	<size>
		<width>3024</width>
		<height>4032</height>
		<depth>3</depth>
	</size>
	<segmented>0</segmented>
	<object>
		<name>广州白天鹅宾馆</name>
		<pose>Unspecified</pose>
		<truncated>0</truncated>
		<difficult>0</difficult>
		<bndbox>
			<xmin>795</xmin>
			<ymin>611</ymin>
			<xmax>2475</xmax>
			<ymax>2348</ymax>
		</bndbox>
	</object>
</annotation>
