<annotation>
	<folder>10莲香楼</folder>
	<filename>IMG_4258.jpeg</filename>
	<path>D:\programming\yolov5\VOCData\image\10莲香楼\IMG_4258.jpeg</path>
	<source>
		<database>Unknown</database>
	</source>
	<size>
		<width>3024</width>
		<height>4032</height>
		<depth>3</depth>
	</size>
	<segmented>0</segmented>
	<object>
		<name>莲香楼</name>
		<pose>Unspecified</pose>
		<truncated>0</truncated>
		<difficult>0</difficult>
		<bndbox>
			<xmin>532</xmin>
			<ymin>174</ymin>
			<xmax>2420</xmax>
			<ymax>3071</ymax>
		</bndbox>
	</object>
</annotation>
