<annotation>
	<folder>10莲香楼</folder>
	<filename>IMG_4259.jpeg</filename>
	<path>D:\programming\yolov5\VOCData\image\10莲香楼\IMG_4259.jpeg</path>
	<source>
		<database>Unknown</database>
	</source>
	<size>
		<width>3024</width>
		<height>4032</height>
		<depth>3</depth>
	</size>
	<segmented>0</segmented>
	<object>
		<name>莲香楼</name>
		<pose>Unspecified</pose>
		<truncated>0</truncated>
		<difficult>0</difficult>
		<bndbox>
			<xmin>892</xmin>
			<ymin>259</ymin>
			<xmax>2557</xmax>
			<ymax>2859</ymax>
		</bndbox>
	</object>
</annotation>
