<annotation>
	<folder>10中山大学孙逸仙纪念医院</folder>
	<filename>IMG_8516.jpg</filename>
	<path>D:\programming\yolov5\VOCData\image\10中山大学孙逸仙纪念医院\IMG_8516.jpg</path>
	<source>
		<database>Unknown</database>
	</source>
	<size>
		<width>3024</width>
		<height>4032</height>
		<depth>3</depth>
	</size>
	<segmented>0</segmented>
	<object>
		<name>中山大学孙逸仙纪念医院</name>
		<pose>Unspecified</pose>
		<truncated>0</truncated>
		<difficult>0</difficult>
		<bndbox>
			<xmin>409</xmin>
			<ymin>1791</ymin>
			<xmax>1795</xmax>
			<ymax>3305</ymax>
		</bndbox>
	</object>
</annotation>
