<annotation>
	<folder>9太古仓旧址</folder>
	<filename>IMG_4306.jpeg</filename>
	<path>D:\programming\yolov5\VOCData\image\9太古仓旧址\IMG_4306.jpeg</path>
	<source>
		<database>Unknown</database>
	</source>
	<size>
		<width>4032</width>
		<height>3024</height>
		<depth>3</depth>
	</size>
	<segmented>0</segmented>
	<object>
		<name>太古仓旧址</name>
		<pose>Unspecified</pose>
		<truncated>0</truncated>
		<difficult>0</difficult>
		<bndbox>
			<xmin>477</xmin>
			<ymin>1074</ymin>
			<xmax>4015</xmax>
			<ymax>2527</ymax>
		</bndbox>
	</object>
</annotation>
