<annotation>
	<folder>群像</folder>
	<filename>IMG_8470.jpg</filename>
	<path>D:\programming\yolov5\VOCData\image\群像\IMG_8470.jpg</path>
	<source>
		<database>Unknown</database>
	</source>
	<size>
		<width>3024</width>
		<height>4032</height>
		<depth>3</depth>
	</size>
	<segmented>0</segmented>
	<object>
		<name>潘氏大院</name>
		<pose>Unspecified</pose>
		<truncated>0</truncated>
		<difficult>0</difficult>
		<bndbox>
			<xmin>112</xmin>
			<ymin>1762</ymin>
			<xmax>1529</xmax>
			<ymax>2319</ymax>
		</bndbox>
	</object>
	<object>
		<name>海幢寺</name>
		<pose>Unspecified</pose>
		<truncated>0</truncated>
		<difficult>0</difficult>
		<bndbox>
			<xmin>817</xmin>
			<ymin>2314</ymin>
			<xmax>2032</xmax>
			<ymax>2559</ymax>
		</bndbox>
	</object>
	<object>
		<name>第一次全国劳动大会旧址</name>
		<pose>Unspecified</pose>
		<truncated>0</truncated>
		<difficult>0</difficult>
		<bndbox>
			<xmin>1595</xmin>
			<ymin>1559</ymin>
			<xmax>2752</xmax>
			<ymax>2108</ymax>
		</bndbox>
	</object>
	<object>
		<name>粤海关旧址</name>
		<pose>Unspecified</pose>
		<truncated>0</truncated>
		<difficult>0</difficult>
		<bndbox>
			<xmin>1660</xmin>
			<ymin>2499</ymin>
			<xmax>2869</xmax>
			<ymax>2817</ymax>
		</bndbox>
	</object>
</annotation>
