<annotation>
	<folder>12南方大厦</folder>
	<filename>IMG_8523.jpg</filename>
	<path>D:\programming\yolov5\VOCData\image\12南方大厦\IMG_8523.jpg</path>
	<source>
		<database>Unknown</database>
	</source>
	<size>
		<width>120</width>
		<height>160</height>
		<depth>3</depth>
	</size>
	<segmented>0</segmented>
	<object>
		<name>南方大厦</name>
		<pose>Unspecified</pose>
		<truncated>0</truncated>
		<difficult>0</difficult>
		<bndbox>
			<xmin>25</xmin>
			<ymin>36</ymin>
			<xmax>80</xmax>
			<ymax>144</ymax>
		</bndbox>
	</object>
</annotation>
