<annotation>
	<folder>11粤海关旧址</folder>
	<filename>IMG_8430.jpg</filename>
	<path>D:\programming\yolov5\VOCData\image\11粤海关旧址\IMG_8430.jpg</path>
	<source>
		<database>Unknown</database>
	</source>
	<size>
		<width>3024</width>
		<height>4032</height>
		<depth>3</depth>
	</size>
	<segmented>0</segmented>
	<object>
		<name>粤海关旧址</name>
		<pose>Unspecified</pose>
		<truncated>0</truncated>
		<difficult>0</difficult>
		<bndbox>
			<xmin>249</xmin>
			<ymin>1271</ymin>
			<xmax>1743</xmax>
			<ymax>3059</ymax>
		</bndbox>
	</object>
</annotation>
