<annotation>
	<folder>群像</folder>
	<filename>IMG_8471.jpg</filename>
	<path>D:\programming\yolov5\VOCData\image\群像\IMG_8471.jpg</path>
	<source>
		<database>Unknown</database>
	</source>
	<size>
		<width>3024</width>
		<height>4032</height>
		<depth>3</depth>
	</size>
	<segmented>0</segmented>
	<object>
		<name>潘氏大院</name>
		<pose>Unspecified</pose>
		<truncated>0</truncated>
		<difficult>0</difficult>
		<bndbox>
			<xmin>1492</xmin>
			<ymin>1082</ymin>
			<xmax>1755</xmax>
			<ymax>1702</ymax>
		</bndbox>
	</object>
	<object>
		<name>海幢寺</name>
		<pose>Unspecified</pose>
		<truncated>0</truncated>
		<difficult>0</difficult>
		<bndbox>
			<xmin>1589</xmin>
			<ymin>1754</ymin>
			<xmax>2015</xmax>
			<ymax>2288</ymax>
		</bndbox>
	</object>
	<object>
		<name>第一次全国劳动大会旧址</name>
		<pose>Unspecified</pose>
		<truncated>0</truncated>
		<difficult>0</difficult>
		<bndbox>
			<xmin>1675</xmin>
			<ymin>974</ymin>
			<xmax>2080</xmax>
			<ymax>1731</ymax>
		</bndbox>
	</object>
	<object>
		<name>粤海关旧址</name>
		<pose>Unspecified</pose>
		<truncated>0</truncated>
		<difficult>0</difficult>
		<bndbox>
			<xmin>1820</xmin>
			<ymin>2368</ymin>
			<xmax>2543</xmax>
			<ymax>3874</ymax>
		</bndbox>
	</object>
</annotation>
