<annotation>
	<folder>8永安堂</folder>
	<filename>IMG_8508.jpg</filename>
	<path>D:\programming\yolov5\VOCData\image\8永安堂\IMG_8508.jpg</path>
	<source>
		<database>Unknown</database>
	</source>
	<size>
		<width>3024</width>
		<height>4032</height>
		<depth>3</depth>
	</size>
	<segmented>0</segmented>
	<object>
		<name>永安堂</name>
		<pose>Unspecified</pose>
		<truncated>0</truncated>
		<difficult>0</difficult>
		<bndbox>
			<xmin>709</xmin>
			<ymin>279</ymin>
			<xmax>2632</xmax>
			<ymax>3428</ymax>
		</bndbox>
	</object>
</annotation>
