<annotation>
	<folder>9太古仓旧址</folder>
	<filename>IMG_4135.jpeg</filename>
	<path>D:\programming\yolov5\VOCData\image\9太古仓旧址\IMG_4135.jpeg</path>
	<source>
		<database>Unknown</database>
	</source>
	<size>
		<width>5712</width>
		<height>4284</height>
		<depth>3</depth>
	</size>
	<segmented>0</segmented>
	<object>
		<name>太古仓旧址</name>
		<pose>Unspecified</pose>
		<truncated>0</truncated>
		<difficult>0</difficult>
		<bndbox>
			<xmin>498</xmin>
			<ymin>1006</ymin>
			<xmax>3647</xmax>
			<ymax>2722</ymax>
		</bndbox>
	</object>
</annotation>
