<annotation>
	<folder>10华林寺</folder>
	<filename>IMG_4272.jpeg</filename>
	<path>D:\programming\yolov5\VOCData\image\10华林寺\IMG_4272.jpeg</path>
	<source>
		<database>Unknown</database>
	</source>
	<size>
		<width>4032</width>
		<height>3024</height>
		<depth>3</depth>
	</size>
	<segmented>0</segmented>
	<object>
		<name>华林寺</name>
		<pose>Unspecified</pose>
		<truncated>0</truncated>
		<difficult>0</difficult>
		<bndbox>
			<xmin>609</xmin>
			<ymin>896</ymin>
			<xmax>3651</xmax>
			<ymax>2400</ymax>
		</bndbox>
	</object>
</annotation>
