<annotation>
	<folder>7爱群大厦</folder>
	<filename>IMG_8460.jpg</filename>
	<path>D:\programming\yolov5\VOCData\image\7爱群大厦\IMG_8460.jpg</path>
	<source>
		<database>Unknown</database>
	</source>
	<size>
		<width>3024</width>
		<height>4032</height>
		<depth>3</depth>
	</size>
	<segmented>0</segmented>
	<object>
		<name>爱群大厦</name>
		<pose>Unspecified</pose>
		<truncated>0</truncated>
		<difficult>0</difficult>
		<bndbox>
			<xmin>437</xmin>
			<ymin>1182</ymin>
			<xmax>2289</xmax>
			<ymax>2334</ymax>
		</bndbox>
	</object>
</annotation>
