<annotation>
	<folder>10协同和机器厂</folder>
	<filename>IMG_4224.jpeg</filename>
	<path>D:\programming\yolov5\VOCData\image\10协同和机器厂\IMG_4224.jpeg</path>
	<source>
		<database>Unknown</database>
	</source>
	<size>
		<width>3024</width>
		<height>4032</height>
		<depth>3</depth>
	</size>
	<segmented>0</segmented>
	<object>
		<name>协同和机器厂</name>
		<pose>Unspecified</pose>
		<truncated>0</truncated>
		<difficult>0</difficult>
		<bndbox>
			<xmin>546</xmin>
			<ymin>1482</ymin>
			<xmax>1989</xmax>
			<ymax>2454</ymax>
		</bndbox>
	</object>
</annotation>
