<annotation>
	<folder>10波楼</folder>
	<filename>IMG_4139.jpeg</filename>
	<path>D:\programming\yolov5\VOCData\image\10波楼\IMG_4139.jpeg</path>
	<source>
		<database>Unknown</database>
	</source>
	<size>
		<width>3024</width>
		<height>4032</height>
		<depth>3</depth>
	</size>
	<segmented>0</segmented>
	<object>
		<name>波楼</name>
		<pose>Unspecified</pose>
		<truncated>0</truncated>
		<difficult>0</difficult>
		<bndbox>
			<xmin>872</xmin>
			<ymin>1431</ymin>
			<xmax>2612</xmax>
			<ymax>2034</ymax>
		</bndbox>
	</object>
</annotation>
