<annotation>
	<folder>群像</folder>
	<filename>IMG_8468.jpg</filename>
	<path>D:\programming\yolov5\VOCData\image\群像\IMG_8468.jpg</path>
	<source>
		<database>Unknown</database>
	</source>
	<size>
		<width>3024</width>
		<height>4032</height>
		<depth>3</depth>
	</size>
	<segmented>0</segmented>
	<object>
		<name>潘氏大院</name>
		<pose>Unspecified</pose>
		<truncated>0</truncated>
		<difficult>0</difficult>
		<bndbox>
			<xmin>383</xmin>
			<ymin>1351</ymin>
			<xmax>1100</xmax>
			<ymax>1911</ymax>
		</bndbox>
	</object>
	<object>
		<name>海幢寺</name>
		<pose>Unspecified</pose>
		<truncated>0</truncated>
		<difficult>0</difficult>
		<bndbox>
			<xmin>695</xmin>
			<ymin>1937</ymin>
			<xmax>1506</xmax>
			<ymax>2437</ymax>
		</bndbox>
	</object>
	<object>
		<name>第一次全国劳动大会旧址</name>
		<pose>Unspecified</pose>
		<truncated>0</truncated>
		<difficult>0</difficult>
		<bndbox>
			<xmin>1132</xmin>
			<ymin>1322</ymin>
			<xmax>1803</xmax>
			<ymax>1777</ymax>
		</bndbox>
	</object>
	<object>
		<name>粤海关旧址</name>
		<pose>Unspecified</pose>
		<truncated>0</truncated>
		<difficult>0</difficult>
		<bndbox>
			<xmin>1232</xmin>
			<ymin>2245</ymin>
			<xmax>2366</xmax>
			<ymax>2917</ymax>
		</bndbox>
	</object>
	<object>
		<name>海珠桥</name>
		<pose>Unspecified</pose>
		<truncated>0</truncated>
		<difficult>0</difficult>
		<bndbox>
			<xmin>1952</xmin>
			<ymin>428</ymin>
			<xmax>2492</xmax>
			<ymax>1091</ymax>
		</bndbox>
	</object>
	<object>
		<name>五仙门发电厂旧址</name>
		<pose>Unspecified</pose>
		<truncated>0</truncated>
		<difficult>0</difficult>
		<bndbox>
			<xmin>880</xmin>
			<ymin>368</ymin>
			<xmax>1875</xmax>
			<ymax>777</ymax>
		</bndbox>
	</object>
	<object>
		<name>塔影楼</name>
		<pose>Unspecified</pose>
		<truncated>0</truncated>
		<difficult>0</difficult>
		<bndbox>
			<xmin>2449</xmin>
			<ymin>2162</ymin>
			<xmax>2969</xmax>
			<ymax>2965</ymax>
		</bndbox>
	</object>
</annotation>
