<annotation>
	<folder>群像</folder>
	<filename>IMG_8469.jpg</filename>
	<path>D:\programming\yolov5\VOCData\image\群像\IMG_8469.jpg</path>
	<source>
		<database>Unknown</database>
	</source>
	<size>
		<width>3024</width>
		<height>4032</height>
		<depth>3</depth>
	</size>
	<segmented>0</segmented>
	<object>
		<name>潘氏大院</name>
		<pose>Unspecified</pose>
		<truncated>0</truncated>
		<difficult>0</difficult>
		<bndbox>
			<xmin>580</xmin>
			<ymin>1265</ymin>
			<xmax>1269</xmax>
			<ymax>2251</ymax>
		</bndbox>
	</object>
	<object>
		<name>海幢寺</name>
		<pose>Unspecified</pose>
		<truncated>0</truncated>
		<difficult>0</difficult>
		<bndbox>
			<xmin>966</xmin>
			<ymin>2242</ymin>
			<xmax>1543</xmax>
			<ymax>2774</ymax>
		</bndbox>
	</object>
	<object>
		<name>第一次全国劳动大会旧址</name>
		<pose>Unspecified</pose>
		<truncated>0</truncated>
		<difficult>0</difficult>
		<bndbox>
			<xmin>1266</xmin>
			<ymin>1322</ymin>
			<xmax>1695</xmax>
			<ymax>1908</ymax>
		</bndbox>
	</object>
	<object>
		<name>粤海关旧址</name>
		<pose>Unspecified</pose>
		<truncated>0</truncated>
		<difficult>0</difficult>
		<bndbox>
			<xmin>1380</xmin>
			<ymin>2508</ymin>
			<xmax>1857</xmax>
			<ymax>3268</ymax>
		</bndbox>
	</object>
	<object>
		<name>塔影楼</name>
		<pose>Unspecified</pose>
		<truncated>0</truncated>
		<difficult>0</difficult>
		<bndbox>
			<xmin>1877</xmin>
			<ymin>2165</ymin>
			<xmax>2072</xmax>
			<ymax>2825</ymax>
		</bndbox>
	</object>
	<object>
		<name>五仙门发电厂旧址</name>
		<pose>Unspecified</pose>
		<truncated>0</truncated>
		<difficult>0</difficult>
		<bndbox>
			<xmin>1086</xmin>
			<ymin>2</ymin>
			<xmax>1695</xmax>
			<ymax>648</ymax>
		</bndbox>
	</object>
	<object>
		<name>海珠桥</name>
		<pose>Unspecified</pose>
		<truncated>0</truncated>
		<difficult>0</difficult>
		<bndbox>
			<xmin>1703</xmin>
			<ymin>494</ymin>
			<xmax>1940</xmax>
			<ymax>1165</ymax>
		</bndbox>
	</object>
</annotation>
